term,material_system,mode,k,status,pre_count,post_count,overlap_count,jaccard,pre_neighbors,post_neighbors,shared_neighbors
absorption,short_fiber_composite,common_vocab,5,compared,101327,114640,3,0.42857142857142855,absorb; spectrum; solubility; transmittance; spectra,absorb; absorbing; spectra; spectrum; uv_vis,absorb; spectra; spectrum
absorption,short_fiber_composite,common_vocab,10,compared,101327,114640,5,0.3333333333333333,absorb; spectrum; solubility; transmittance; spectra; absorbed; addition; uv_vis; absorbtion; wavelength,absorb; absorbing; spectra; spectrum; uv_vis; transmittance; uv_visible; infrared; reflectivity; transmission,absorb; spectra; spectrum; transmittance; uv_vis
absorption,short_fiber_composite,common_vocab,20,compared,101327,114640,13,0.48148148148148145,absorb; spectrum; solubility; transmittance; spectra; absorbed; addition; uv_vis; absorbtion; wavelength; absorbance; absorp_tion; uv_visible; infrared; emission; property; optical; nir; characteristic; water,absorb; absorbing; spectra; spectrum; uv_vis; transmittance; uv_visible; infrared; reflectivity; transmission; absorbed; reflectance; absorbance; absorp_tion; coefficient_α(ω; ultraviolet_visible; wavelength; visible; characteristic; optical,absorb; absorbance; absorbed; absorp_tion; characteristic; infrared; optical; spectra; spectrum; transmittance; uv_vis; uv_visible; wavelength
adaptation,structural_color_composite,common_vocab,5,compared,6224,8887,1,0.1111111111111111,marginal_adaptation; marginal_integrity; cavity; internal_adaptation; gap,adaption; reproduction; marginal_adaptation; restoration; adaptability,marginal_adaptation
adaptation,structural_color_composite,common_vocab,10,compared,6224,8887,5,0.3333333333333333,marginal_adaptation; marginal_integrity; cavity; internal_adaptation; gap; restoration; marginal_internal; marginal; system; adaptability,adaption; reproduction; marginal_adaptation; restoration; adaptability; jayasooriya_pr; marginal_internal; marginal; intaglio; technique,adaptability; marginal; marginal_adaptation; marginal_internal; restoration
adaptation,structural_color_composite,common_vocab,20,compared,6224,8887,10,0.3333333333333333,marginal_adaptation; marginal_integrity; cavity; internal_adaptation; gap; restoration; marginal_internal; marginal; system; adaptability; marginal_sealing; wall; resin; marginal_seal; microleakage; technique; marginal_leakage; inlay; composite; placement,adaption; reproduction; marginal_adaptation; restoration; adaptability; jayasooriya_pr; marginal_internal; marginal; intaglio; technique; license_http://crea; material; adjustment; indirect_restoration; tivecommons.org/licenses/by/4.0/_permit; marginal_integrity; marginal_discrepancy; marginal_sealing; internal_adaptation; placement,adaptability; internal_adaptation; marginal; marginal_adaptation; marginal_integrity; marginal_internal; marginal_sealing; placement; restoration; technique
brittle_fracture,short_fiber_composite,common_vocab,5,compared,2135,2024,3,0.42857142857142855,brittle; ductile; crack_propagation; brittle_ductile; crack_tip,brittle; ductile; crack_propagation; intergranular_fracture; plastic_deformation,brittle; crack_propagation; ductile
brittle_fracture,short_fiber_composite,common_vocab,10,compared,2135,2024,5,0.3333333333333333,brittle; ductile; crack_propagation; brittle_ductile; crack_tip; fracture; crack_propagate; fracture_mechanic; toughness; plastic_deformation,brittle; ductile; crack_propagation; intergranular_fracture; plastic_deformation; crack_initiation; ductile_brittle; transgranular_fracture; crack_propagate; microvoid_coalescence,brittle; crack_propagate; crack_propagation; ductile; plastic_deformation
brittle_fracture,short_fiber_composite,common_vocab,20,compared,2135,2024,10,0.3333333333333333,brittle; ductile; crack_propagation; brittle_ductile; crack_tip; fracture; crack_propagate; fracture_mechanic; toughness; plastic_deformation; catastrophic_fracture; crack_initiation; intergranular_fracture; fractography; catastrophic_failure; crack; ahead_crack; yielding; quasibrittle; lefm,brittle; ductile; crack_propagation; intergranular_fracture; plastic_deformation; crack_initiation; ductile_brittle; transgranular_fracture; crack_propagate; microvoid_coalescence; crack; brittle_ductile; transgranular; fracture; transgranular_intergranular; microcrack; brittleness; crack_deflection; cleavage_facet; ductile_dimple,brittle; brittle_ductile; crack; crack_initiation; crack_propagate; crack_propagation; ductile; fracture; intergranular_fracture; plastic_deformation
build,short_fiber_composite,common_vocab,5,compared,25165,38380,1,0.1111111111111111,construction; core; create; apply; comprise,design; manufacture; building; construction; fabricate,construction
build,short_fiber_composite,common_vocab,10,compared,25165,38380,4,0.25,construction; core; create; apply; comprise; design; develop; introduce; manufacture; make,design; manufacture; building; construction; fabricate; construct; create; 3d_print; direction; customize,construction; create; design; manufacture
build,short_fiber_composite,common_vocab,20,compared,25165,38380,11,0.3793103448275862,construction; core; create; apply; comprise; design; develop; introduce; manufacture; make; generate; construct; consist; fabricate; utilize; mention; compose; manner; employ; assembly,design; manufacture; building; construction; fabricate; construct; create; 3d_print; direction; customize; manufactured; additive_manufacture; make; apply; connect; system; generate; core; dimension; develop,apply; construct; construction; core; create; design; develop; fabricate; generate; make; manufacture
chameleon,structural_color_composite,common_vocab,5,compared,117,176,0,0.0,hidex; brilliant; lifelike; sapphire_laser; artis,color_matching; chromatic; color; cephalopod; multicolore,
chameleon,structural_color_composite,common_vocab,10,compared,117,176,0,0.0,hidex; brilliant; lifelike; sapphire_laser; artis; translucence; metameric; looking; excitation_wavelength; photostabilitie,color_matching; chromatic; color; cephalopod; multicolore; reflective; colour; multicolor; chroma; iridescent,
chameleon,structural_color_composite,common_vocab,20,compared,117,176,2,0.05263157894736842,hidex; brilliant; lifelike; sapphire_laser; artis; translucence; metameric; looking; excitation_wavelength; photostabilitie; emission_wavelength; lighting; perception; aesthetic_appearance; ceramx; opalescence; iridescence; metamerism; morpho_butterfly; colour,color_matching; chromatic; color; cephalopod; multicolore; reflective; colour; multicolor; chroma; iridescent; beautiful; creature; multimode; flying; iridescence; beetle; palette; hiding; translucent; reflectance,colour; iridescence
color,structural_color_composite,common_vocab,5,compared,62945,69834,3,0.42857142857142855,colour; shade; translucency; discoloration; cie_l*a*b,shade; colour; translucency; cielab; cielab_color,colour; shade; translucency
color,structural_color_composite,common_vocab,10,compared,62945,69834,7,0.5384615384615384,colour; shade; translucency; discoloration; cie_l*a*b; lightness; color_matching; opacity; cielab_color; colorimeter,shade; colour; translucency; cielab; cielab_color; perceptible_color; color_matching; discoloration; l*a*b; lightness,cielab_color; color_matching; colour; discoloration; lightness; shade; translucency
color,structural_color_composite,common_vocab,20,compared,62945,69834,12,0.42857142857142855,colour; shade; translucency; discoloration; cie_l*a*b; lightness; color_matching; opacity; cielab_color; colorimeter; l*a*b; cielab; perceptible_color; esthetic_restorative; l*a*b_color; change; hue_chroma; translucent; cie; chromatic,shade; colour; translucency; cielab; cielab_color; perceptible_color; color_matching; discoloration; l*a*b; lightness; cie_lab; composite; hue; perceptibility_acceptability; cie_l*a*b; chromatic; cielab_coordinate; esthetic; shade_matching; colored,chromatic; cie_l*a*b; cielab; cielab_color; color_matching; colour; discoloration; l*a*b; lightness; perceptible_color; shade; translucency
color_matching,structural_color_composite,common_vocab,5,compared,555,563,3,0.42857142857142855,shade_matching; shade_selection; shade_guide; colour_matching; shade_tab,shade_matching; shade_selection; shade; color; shade_guide,shade_guide; shade_matching; shade_selection
color_matching,structural_color_composite,common_vocab,10,compared,555,563,7,0.5384615384615384,shade_matching; shade_selection; shade_guide; colour_matching; shade_tab; color; illuminant; cielab; vitapan_classical; shade_taking,shade_matching; shade_selection; shade; color; shade_guide; shade_tab; visual_instrumental; translucency; colour_matching; cielab,cielab; color; colour_matching; shade_guide; shade_matching; shade_selection; shade_tab
color_matching,structural_color_composite,common_vocab,20,compared,555,563,15,0.6,shade_matching; shade_selection; shade_guide; colour_matching; shade_tab; color; illuminant; cielab; vitapan_classical; shade_taking; spectrophotometer_colorimeter; colorimeter; visual_instrumental; shade; translucency; metamerism; visual_perception; cielab_color; vita_shade; esthetic_restorative,shade_matching; shade_selection; shade; color; shade_guide; shade_tab; visual_instrumental; translucency; colour_matching; cielab; vita_shade; vitapan_classical; masking_ability; spectral_reflectance; metamerism; esthetic; vita_classical; cielab_color; vita_easyshade; spectrophotometer_colorimeter,cielab; cielab_color; color; colour_matching; metamerism; shade; shade_guide; shade_matching; shade_selection; shade_tab; spectrophotometer_colorimeter; translucency; visual_instrumental; vita_shade; vitapan_classical
composite,short_fiber_composite;structural_color_composite,common_vocab,5,compared,285634,297866,4,0.6666666666666666,resin; material; restorative; restoration; base,resin; material; restorative; ceramic; restoration,material; resin; restoration; restorative
composite,short_fiber_composite;structural_color_composite,common_vocab,10,compared,285634,297866,7,0.5384615384615384,resin; material; restorative; restoration; base; dent_mater; ceramic; study; system; hybrid,resin; material; restorative; ceramic; restoration; cad_cam; base; dent_mater; filler; flowable_composite,base; ceramic; dent_mater; material; resin; restoration; restorative
composite,short_fiber_composite;structural_color_composite,common_vocab,20,compared,285634,297866,16,0.6666666666666666,resin; material; restorative; restoration; base; dent_mater; ceramic; study; system; hybrid; different; cure; filler; light_cure; flowable_resin; flowable_composite; adhesive; effect; property; type,resin; material; restorative; ceramic; restoration; cad_cam; base; dent_mater; filler; flowable_composite; property; bulk; adhesive; different; study; surface; effect; nanofilled; cure; flowable_resin,adhesive; base; ceramic; cure; dent_mater; different; effect; filler; flowable_composite; flowable_resin; material; property; resin; restoration; restorative; study
contrast,zirconia,common_vocab,5,compared,110562,121268,2,0.25,whereas; moreover; furthermore; clearly; similarly,whereas; however; although; moreover; addition,moreover; whereas
contrast,zirconia,common_vocab,10,compared,110562,121268,6,0.42857142857142855,whereas; moreover; furthermore; clearly; similarly; similar; although; appear; exhibit; slightly,whereas; however; although; moreover; addition; observe; similar; exhibit; less; furthermore,although; exhibit; furthermore; moreover; similar; whereas
contrast,zirconia,common_vocab,20,compared,110562,121268,15,0.6,whereas; moreover; furthermore; clearly; similarly; similar; although; appear; exhibit; slightly; relatively; observe; demonstrate; however; suggest; even; reveal; find; unlike; less,whereas; however; although; moreover; addition; observe; similar; exhibit; less; furthermore; reveal; compare; relatively; even; suggest; slightly; much; high; demonstrate; additionally,although; demonstrate; even; exhibit; furthermore; however; less; moreover; observe; relatively; reveal; similar; slightly; suggest; whereas
conventional,structural_color_composite,common_vocab,5,compared,65199,78540,5,1.0,base; method; system; traditional; technique,base; technique; traditional; system; method,base; method; system; technique; traditional
conventional,structural_color_composite,common_vocab,10,compared,65199,78540,6,0.42857142857142855,base; method; system; traditional; technique; compare; employ; use; however; low,base; technique; traditional; system; method; different; bulk; compare; material; conventionally,base; compare; method; system; technique; traditional
conventional,structural_color_composite,common_vocab,20,compared,65199,78540,12,0.42857142857142855,base; method; system; traditional; technique; compare; employ; use; however; low; material; type; high; different; produce; hand; combination; result; commercially_available; application,base; technique; traditional; system; method; different; bulk; compare; material; conventionally; alternative; low; composite; comparison; various; resin; fabricate; high; use; however,base; compare; different; high; however; low; material; method; system; technique; traditional; use
core,short_fiber_composite,common_vocab,5,compared,89181,69822,1,0.1111111111111111,post; build; crown; veneer; ceramic_crown,post; base; fiber; part; system,post
core,short_fiber_composite,common_vocab,10,compared,89181,69822,3,0.17647058823529413,post; build; crown; veneer; ceramic_crown; restoration; strength; prefabricated; restore; fiber,post; base; fiber; part; system; inner; resin; composite; strength; lute_cement,fiber; post; strength
core,short_fiber_composite,common_vocab,20,compared,89181,69822,9,0.2903225806451613,post; build; crown; veneer; ceramic_crown; restoration; strength; prefabricated; restore; fiber; fracture; material; dowel; ceramic; prefabricate_post; design; lute; stress; system; composite,post; base; fiber; part; system; inner; resin; composite; strength; lute_cement; flare_root; material; shell; crown; intraradicular_post; single; veneer; build; postcore; glass,build; composite; crown; fiber; material; post; strength; system; veneer
core_shell,structural_color_composite,common_vocab,5,compared,12192,17765,1,0.1111111111111111,coreshell; shell; nanocrystal; core/_shell; core_multishell,coreshell; yolk_shell; core@shell; nanosphere; nanorod,coreshell
core_shell,structural_color_composite,common_vocab,10,compared,12192,17765,5,0.3333333333333333,coreshell; shell; nanocrystal; core/_shell; core_multishell; nanowire; yolk_shell; cdse; cdse_cds; nanoparticle,coreshell; yolk_shell; core@shell; nanosphere; nanorod; shell; hollow; core/_shell; monodispersed; nanoparticle,core/_shell; coreshell; nanoparticle; shell; yolk_shell
core_shell,structural_color_composite,common_vocab,20,compared,12192,17765,9,0.2903225806451613,coreshell; shell; nanocrystal; core/_shell; core_multishell; nanowire; yolk_shell; cdse; cdse_cds; nanoparticle; nanostructure; nanosphere; hollow_nanosphere; ag@sio2; nanorattle; bimetallic; core_sheath; heterostructured; qd; monodisperse,coreshell; yolk_shell; core@shell; nanosphere; nanorod; shell; hollow; core/_shell; monodispersed; nanoparticle; nanocrystal; coaxial_electrospinning; hollow_nanosphere; nanostructure; decorate; nanocube; coaxial_electrospinne; multishell; mesoporous; hollow_sphere,core/_shell; coreshell; hollow_nanosphere; nanocrystal; nanoparticle; nanosphere; nanostructure; shell; yolk_shell
crack_bridging,short_fiber_composite,common_vocab,5,compared,309,291,4,0.6666666666666666,crack_deflection; toughening_mechanism; toughening; toughen_mechanism; uncracked_ligament,crack_deflection; toughening_mechanism; extrinsic_toughening; toughen_mechanism; toughening,crack_deflection; toughen_mechanism; toughening; toughening_mechanism
crack_bridging,short_fiber_composite,common_vocab,10,compared,309,291,8,0.6666666666666666,crack_deflection; toughening_mechanism; toughening; toughen_mechanism; uncracked_ligament; crack_wake; extrinsic_toughening; crack_blunting; crack_propagation; microcracking,crack_deflection; toughening_mechanism; extrinsic_toughening; toughen_mechanism; toughening; uncracked_ligament; crack_propagation; crack_propagate; tortuous_crack; crack_wake,crack_deflection; crack_propagation; crack_wake; extrinsic_toughening; toughen_mechanism; toughening; toughening_mechanism; uncracked_ligament
crack_bridging,short_fiber_composite,common_vocab,20,compared,309,291,17,0.7391304347826086,crack_deflection; toughening_mechanism; toughening; toughen_mechanism; uncracked_ligament; crack_wake; extrinsic_toughening; crack_blunting; crack_propagation; microcracking; crack_propagate; toughen; microcracke; tortuous_crack; microcrack; crack_tip; ahead_crack; toughness; r_-curve; crack,crack_deflection; toughening_mechanism; extrinsic_toughening; toughen_mechanism; toughening; uncracked_ligament; crack_propagation; crack_propagate; tortuous_crack; crack_wake; microcrack; microcracking; toughen; crack_tip; microcracke; crack; crack_initiation; crack_blunting; fracture_toughness; bouligand_structure,crack; crack_blunting; crack_deflection; crack_propagate; crack_propagation; crack_tip; crack_wake; extrinsic_toughening; microcrack; microcracke; microcracking; tortuous_crack; toughen; toughen_mechanism; toughening; toughening_mechanism; uncracked_ligament
crack_propagation,short_fiber_composite,common_vocab,5,compared,6902,8932,4,0.6666666666666666,crack_propagate; crack_initiation; crack; crack_tip; fatigue_crack,crack_initiation; crack_propagate; crack; crack_deflection; crack_tip,crack; crack_initiation; crack_propagate; crack_tip
crack_propagation,short_fiber_composite,common_vocab,10,compared,6902,8932,8,0.6666666666666666,crack_propagate; crack_initiation; crack; crack_tip; fatigue_crack; crack_deflection; microcrack; brittle_fracture; cracking; ahead_crack,crack_initiation; crack_propagate; crack; crack_deflection; crack_tip; brittle_fracture; microcrack; toughening_mechanism; fatigue_crack; toughen_mechanism,brittle_fracture; crack; crack_deflection; crack_initiation; crack_propagate; crack_tip; fatigue_crack; microcrack
crack_propagation,short_fiber_composite,common_vocab,20,compared,6902,8932,13,0.48148148148148145,crack_propagate; crack_initiation; crack; crack_tip; fatigue_crack; crack_deflection; microcrack; brittle_fracture; cracking; ahead_crack; fracture_mechanic; fracture_toughness; brittle; crack_bridging; catastrophic_failure; catastrophic_fracture; fracture; crack_wake; toughness; intergranular_fracture,crack_initiation; crack_propagate; crack; crack_deflection; crack_tip; brittle_fracture; microcrack; toughening_mechanism; fatigue_crack; toughen_mechanism; catastrophic_failure; crack_bridging; tortuous_crack; brittle; fracture; fracture_toughness; microcracking; toughening; plastic_deformation; initiation_propagation,brittle; brittle_fracture; catastrophic_failure; crack; crack_bridging; crack_deflection; crack_initiation; crack_propagate; crack_tip; fatigue_crack; fracture; fracture_toughness; microcrack
cubic,zirconia,common_vocab,5,compared,36768,29351,5,1.0,tetragonal; cubic_tetragonal; orthorhombic; rhombohedral; hexagonal,tetragonal; orthorhombic; hexagonal; rhombohedral; cubic_tetragonal,cubic_tetragonal; hexagonal; orthorhombic; rhombohedral; tetragonal
cubic,zirconia,common_vocab,10,compared,36768,29351,6,0.42857142857142855,tetragonal; cubic_tetragonal; orthorhombic; rhombohedral; hexagonal; trigonal; pm_̄3; cubic_fcc; lattice; cubic_bcc,tetragonal; orthorhombic; hexagonal; rhombohedral; cubic_tetragonal; cubic_fcc; monoclinic; tetragonal_bct; tetragonal_cubic; fcc,cubic_fcc; cubic_tetragonal; hexagonal; orthorhombic; rhombohedral; tetragonal
cubic,zirconia,common_vocab,20,compared,36768,29351,10,0.3333333333333333,tetragonal; cubic_tetragonal; orthorhombic; rhombohedral; hexagonal; trigonal; pm_̄3; cubic_fcc; lattice; cubic_bcc; tetragonal_distortion; distorted; aristotype; fm_̄3; pseudocubic; crystallize_cubic; tetragonally; pseudo_cubic; cubic_fluorite; monoclinic,tetragonal; orthorhombic; hexagonal; rhombohedral; cubic_tetragonal; cubic_fcc; monoclinic; tetragonal_bct; tetragonal_cubic; fcc; cubic_bcc; trigonal; orthorhombic_tetragonal; cubic_pm-3; tetragonal_i41; tetragonally_distort; crystallize_cubic; rhombohedrally_distort; orthorhombic_pnma; wurtzite,crystallize_cubic; cubic_bcc; cubic_fcc; cubic_tetragonal; hexagonal; monoclinic; orthorhombic; rhombohedral; tetragonal; trigonal
deflection,short_fiber_composite,common_vocab,5,compared,10231,8328,1,0.1111111111111111,bend; bending; deflection_cantilever; flexural; cantilever,flexure; bend; mid_span; deflect; displacement,bend
deflection,short_fiber_composite,common_vocab,10,compared,10231,8328,7,0.5384615384615384,bend; bending; deflection_cantilever; flexural; cantilever; deflect; flexure; displacement; cantilever_deflection; force,flexure; bend; mid_span; deflect; displacement; bending; flexural; force; euler_bernoulli; midspan,bend; bending; deflect; displacement; flexural; flexure; force
deflection,short_fiber_composite,common_vocab,20,compared,10231,8328,12,0.42857142857142855,bend; bending; deflection_cantilever; flexural; cantilever; deflect; flexure; displacement; cantilever_deflection; force; mid_span; elastic_modulus; deformation; load; modulus_elasticity; elastic; flexural_strength; threepoint_bending; point; loaddisplacement_curve,flexure; bend; mid_span; deflect; displacement; bending; flexural; force; euler_bernoulli; midspan; cantilever; radius_curvature; buckling; deflection_cantilever; cantilever_deflection; pull; indentation; unnotched; deformation; ultimate,bend; bending; cantilever; cantilever_deflection; deflect; deflection_cantilever; deformation; displacement; flexural; flexure; force; mid_span
diffraction,structural_color_composite,common_vocab,5,compared,56431,45263,3,0.42857142857142855,diffraction_pattern; x_ray; xrd; diffraction_xrd; diffractometry,diffraction_pattern; xrd; 2θ; x_ray; diffractogram,diffraction_pattern; x_ray; xrd
diffraction,structural_color_composite,common_vocab,10,compared,56431,45263,7,0.5384615384615384,diffraction_pattern; x_ray; xrd; diffraction_xrd; diffractometry; diffractogram; xrd_pattern; diffractometer; 2θ; synchrotron,diffraction_pattern; xrd; 2θ; x_ray; diffractogram; bragg; bragg_reflection; xrd_pattern; diffraction_xrd; diffrac_tion,2θ; diffraction_pattern; diffraction_xrd; diffractogram; x_ray; xrd; xrd_pattern
diffraction,structural_color_composite,common_vocab,20,compared,56431,45263,12,0.42857142857142855,diffraction_pattern; x_ray; xrd; diffraction_xrd; diffractometry; diffractogram; xrd_pattern; diffractometer; 2θ; synchrotron; diffrac_tion; rietveld_refinement; bragg_reflection; diffractometer_monochromatic; rietveld; diffract; xrd-6000_shimadzu; neutron_diffraction; reflection; debye_scherrer,diffraction_pattern; xrd; 2θ; x_ray; diffractogram; bragg; bragg_reflection; xrd_pattern; diffraction_xrd; diffrac_tion; diffract; jcpds; 2y; bragg_peak; jcpds_file; jcpds_card; rietveld; xrd_diffractogram; rietveld_refinement; diffraction_pxrd,2θ; bragg_reflection; diffrac_tion; diffract; diffraction_pattern; diffraction_xrd; diffractogram; rietveld; rietveld_refinement; x_ray; xrd; xrd_pattern
energy,short_fiber_composite,common_vocab,5,compared,610917,502509,4,0.6666666666666666,ev; energetic; ev.; state; ergy,energetic; ev.; ev; state; electron,energetic; ev; ev.; state
energy,short_fiber_composite,common_vocab,10,compared,610917,502509,6,0.42857142857142855,ev; energetic; ev.; state; ergy; energie; ∆e; free; respect; mev,energetic; ev.; ev; state; electron; electronic; mev.; energie; mev; highenergy,energetic; energie; ev; ev.; mev; state
energy,short_fiber_composite,common_vocab,20,compared,610917,502509,10,0.3333333333333333,ev; energetic; ev.; state; ergy; energie; ∆e; free; respect; mev; electron; ∆e.; note; 5mev; mev.; total; work; correspond; ener_gy; en_ergy,energetic; ev.; ev; state; electron; electronic; mev.; energie; mev; highenergy; photon; energies; ergy; mev_mev; power; calculation; hydrogen; joule; small; en_ergy,electron; en_ergy; energetic; energie; ergy; ev; ev.; mev; mev.; state
everx,short_fiber_composite,common_vocab,5,compared,84,95,1,0.1111111111111111,everx_posterior; universal_flo; z250; frc_everstick; unidirectional_frc,everx_posterior; sculptable; flowable; g_ænial; packable,everx_posterior
everx,short_fiber_composite,common_vocab,10,compared,84,95,3,0.17647058823529413,everx_posterior; universal_flo; z250; frc_everstick; unidirectional_frc; everstick_c&b; g_ænial; everstick; filtek; filtek_z250,everx_posterior; sculptable; flowable; g_ænial; packable; filtek; plus_f00; sfrc; microhybrid; g_aenial,everx_posterior; filtek; g_ænial
everx,short_fiber_composite,common_vocab,20,compared,84,95,5,0.14285714285714285,everx_posterior; universal_flo; z250; frc_everstick; unidirectional_frc; everstick_c&b; g_ænial; everstick; filtek; filtek_z250; ribbond; fill_flowable; quixfil; admira_fusion; tetric_evoceram; z2a; grandioso; filtek_supreme; stick_tech; frc,everx_posterior; sculptable; flowable; g_ænial; packable; filtek; plus_f00; sfrc; microhybrid; g_aenial; fill_flowable; flowable_composite; unifil_flow; nanofill; fbf; cerasmart; herculite_xrv; microhybrid_composite; flowable_resin; frc_everstick,everx_posterior; fill_flowable; filtek; frc_everstick; g_ænial
filler,structural_color_composite,common_vocab,5,compared,45145,40892,3,0.42857142857142855,inorganic_filler; barium_glass; microfiller; nanofiller; prepolymerize_filler,inorganic_filler; nanofiller; composite; barium_glass; monomer,barium_glass; inorganic_filler; nanofiller
filler,structural_color_composite,common_vocab,10,compared,45145,40892,7,0.5384615384615384,inorganic_filler; barium_glass; microfiller; nanofiller; prepolymerize_filler; composite; particle; udma_tegdma; resin; microfill,inorganic_filler; nanofiller; composite; barium_glass; monomer; resin; prepolymerize_filler; bis_gma; tegdma; udma_tegdma,barium_glass; composite; inorganic_filler; nanofiller; prepolymerize_filler; resin; udma_tegdma
filler,structural_color_composite,common_vocab,20,compared,45145,40892,13,0.48148148148148145,inorganic_filler; barium_glass; microfiller; nanofiller; prepolymerize_filler; composite; particle; udma_tegdma; resin; microfill; prepolymerize; microfille; microfille_composite; udma; silanate_barium; silica; tegdma; bis_gma; microhybrid; urethane_dimethacrylate,inorganic_filler; nanofiller; composite; barium_glass; monomer; resin; prepolymerize_filler; bis_gma; tegdma; udma_tegdma; nanofilled; silica; udma; particle; matrix; udma_bis; microfiller; wt%; material; dimethacrylate,barium_glass; bis_gma; composite; inorganic_filler; microfiller; nanofiller; particle; prepolymerize_filler; resin; silica; tegdma; udma; udma_tegdma
fracture,short_fiber_composite,common_vocab,5,compared,100148,97474,3,0.42857142857142855,failure; catastrophic_fracture; fatigue; fractured; fractographic_analysis,failure; fractured; catastrophic_fracture; catastrophic_failure; debonding,catastrophic_fracture; failure; fractured
fracture,short_fiber_composite,common_vocab,10,compared,100148,97474,8,0.6666666666666666,failure; catastrophic_fracture; fatigue; fractured; fractographic_analysis; catastrophic_failure; crack_propagation; crack; debonding; brittle_fracture,failure; fractured; catastrophic_fracture; catastrophic_failure; debonding; fractographic_analysis; crack_propagation; debonde; facture; crack,catastrophic_failure; catastrophic_fracture; crack; crack_propagation; debonding; failure; fractographic_analysis; fractured
fracture,short_fiber_composite,common_vocab,20,compared,100148,97474,16,0.6666666666666666,failure; catastrophic_fracture; fatigue; fractured; fractographic_analysis; catastrophic_failure; crack_propagation; crack; debonding; brittle_fracture; strength; facture; stress; fractography; load; chipping; crack_initiation; cyclic_loading; fracture_toughness; crack_propagate,failure; fractured; catastrophic_fracture; catastrophic_failure; debonding; fractographic_analysis; crack_propagation; debonde; facture; crack; crack_initiation; chipping; crown; fatigue; brittle_fracture; fractography; stress; fractographic; strength; repairable_fracture,brittle_fracture; catastrophic_failure; catastrophic_fracture; chipping; crack; crack_initiation; crack_propagation; debonding; facture; failure; fatigue; fractographic_analysis; fractography; fractured; strength; stress
fracture_toughness,zirconia;short_fiber_composite,common_vocab,5,compared,14578,14954,4,0.6666666666666666,kic; toughness; crack_propagation; flexural_strength; mpa√m,kic; toughness; flexural_strength; mpa_m1/2; crack_propagation,crack_propagation; flexural_strength; kic; toughness
fracture_toughness,zirconia;short_fiber_composite,common_vocab,10,compared,14578,14954,5,0.3333333333333333,kic; toughness; crack_propagation; flexural_strength; mpa√m; strength; fracture_mechanic; k1c; fatigue; toughening,kic; toughness; flexural_strength; mpa_m1/2; crack_propagation; hardness; toughening; mpa.m; toughening_mechanism; mpa·m,crack_propagation; flexural_strength; kic; toughening; toughness
fracture_toughness,zirconia;short_fiber_composite,common_vocab,20,compared,14578,14954,9,0.2903225806451613,kic; toughness; crack_propagation; flexural_strength; mpa√m; strength; fracture_mechanic; k1c; fatigue; toughening; sevnb; fractography; flexure_strength; chevron_notch; fracture; precracke; crack_deflection; brittle; anstis; precrack,kic; toughness; flexural_strength; mpa_m1/2; crack_propagation; hardness; toughening; mpa.m; toughening_mechanism; mpa·m; fracture_mechanic; toughen_mechanism; vickers_hardness; strength; flexural; mpa·m1/2; sevnb; crack_deflection; vickers_indentation; crack_initiation,crack_deflection; crack_propagation; flexural_strength; fracture_mechanic; kic; sevnb; strength; toughening; toughness
fully,zirconia,common_vocab,5,compared,42038,51172,3,0.42857142857142855,completely; partially; entirely; totally; still,completely; partially; remain; yet; entirely,completely; entirely; partially
fully,zirconia,common_vocab,10,compared,42038,51172,9,0.8181818181818182,completely; partially; entirely; totally; still; able; yet; instead; initially; already,completely; partially; remain; yet; entirely; able; still; instead; initially; totally,able; completely; entirely; initially; instead; partially; still; totally; yet
fully,zirconia,common_vocab,20,compared,42038,51172,12,0.42857142857142855,completely; partially; entirely; totally; still; able; yet; instead; initially; already; nevertheless; remain; highly; even_though; indeed; effectively; essentially; thus; even; additionally,completely; partially; remain; yet; entirely; able; still; instead; initially; totally; already; properly; rather; sufficient; easily; sufficiently; hence; extend; even; complete,able; already; completely; entirely; even; initially; instead; partially; remain; still; totally; yet
glass,short_fiber_composite,common_vocab,5,compared,149848,109869,3,0.42857142857142855,fiber; ceramic; reinforce; silica; borosilicate_glass,ceramic; borosilicate_glass; composite; soda_lime; silica,borosilicate_glass; ceramic; silica
glass,short_fiber_composite,common_vocab,10,compared,149848,109869,8,0.6666666666666666,fiber; ceramic; reinforce; silica; borosilicate_glass; composite; material; resin; soda_lime; silanize,ceramic; borosilicate_glass; composite; soda_lime; silica; fiber; glass_ceramics; silicate; resin; material,borosilicate_glass; ceramic; composite; fiber; material; resin; silica; soda_lime
glass,short_fiber_composite,common_vocab,20,compared,149848,109869,14,0.5384615384615384,fiber; ceramic; reinforce; silica; borosilicate_glass; composite; material; resin; soda_lime; silanize; base; fiber_reinforce; leucite_reinforce; silanate; silicate; aluminum; alumina; reinforcement; glassceramic; glass_ceramics,ceramic; borosilicate_glass; composite; soda_lime; silica; fiber; glass_ceramics; silicate; resin; material; base; boro_silicate; filler; lithium_disilicate; polymer; silanate; fiber_reinforce; feldspathic_porcelain; glassceramic; glassy,base; borosilicate_glass; ceramic; composite; fiber; fiber_reinforce; glass_ceramics; glassceramic; material; resin; silanate; silica; silicate; soda_lime
interference,structural_color_composite,common_vocab,5,compared,12554,10483,2,0.25,fabry_perot; destructive_interference; constructive_interference; constructive_destructive; interference_fringe,constructive_destructive; interfere; unscattered; interfere_constructively; destructive_interference,constructive_destructive; destructive_interference
interference,structural_color_composite,common_vocab,10,compared,12554,10483,7,0.5384615384615384,fabry_perot; destructive_interference; constructive_interference; constructive_destructive; interference_fringe; interfere; fringe; unscattered; interfere_destructively; grating,constructive_destructive; interfere; unscattered; interfere_constructively; destructive_interference; interfere_destructively; background_noise; constructive_interference; reflection; interference_fringe,constructive_destructive; constructive_interference; destructive_interference; interfere; interfere_destructively; interference_fringe; unscattered
interference,structural_color_composite,common_vocab,20,compared,12554,10483,11,0.3793103448275862,fabry_perot; destructive_interference; constructive_interference; constructive_destructive; interference_fringe; interfere; fringe; unscattered; interfere_destructively; grating; interferometer; interferometric; p_́erot; fabry_pérot; transmission; interfere_constructively; standing_wave; diffract; reflection; reflected,constructive_destructive; interfere; unscattered; interfere_constructively; destructive_interference; interfere_destructively; background_noise; constructive_interference; reflection; interference_fringe; unwanted; backscattering; fano_interference; interferometric; pe_́rot; disturbance; fabry_pérot; exit_port; spurious; interferential,constructive_destructive; constructive_interference; destructive_interference; fabry_pérot; interfere; interfere_constructively; interfere_destructively; interference_fringe; interferometric; reflection; unscattered
light_scattering,structural_color_composite,common_vocab,5,compared,6017,6272,4,0.6666666666666666,dls; scatter_dls; nano_zs; dls_zetasizer; zetasizer_nano,dls; scatter_dls; zetasizer_nano; dls_malvern; dls_zetasizer,dls; dls_zetasizer; scatter_dls; zetasizer_nano
light_scattering,structural_color_composite,common_vocab,10,compared,6017,6272,6,0.42857142857142855,dls; scatter_dls; nano_zs; dls_zetasizer; zetasizer_nano; malvern_zetasizer; zetasizer; dls_brookhaven; zeta_sizer; malvern_instruments,dls; scatter_dls; zetasizer_nano; dls_malvern; dls_zetasizer; nano_zs; malvern_zetasizer; nano_zs90; zs_malvern; hydrodynamic_diameter,dls; dls_zetasizer; malvern_zetasizer; nano_zs; scatter_dls; zetasizer_nano
light_scattering,structural_color_composite,common_vocab,20,compared,6017,6272,14,0.5384615384615384,dls; scatter_dls; nano_zs; dls_zetasizer; zetasizer_nano; malvern_zetasizer; zetasizer; dls_brookhaven; zeta_sizer; malvern_instruments; zs_malvern; dls_malvern; brookhaven_instruments; zen_malvern; particle_sizer; hydrodynamic_diameter; instrument_malvern; dls_electrophoretic; holtsville_ny; zetasizer_malvern,dls; scatter_dls; zetasizer_nano; dls_malvern; dls_zetasizer; nano_zs; malvern_zetasizer; nano_zs90; zs_malvern; hydrodynamic_diameter; dls_electrophoretic; zetasizer; zeta_sizer; malvern_instruments; malvern; zetasizer_nanozs; zs90_malvern; dls_zeta; zetasizer_malvern; polydispersity_index,dls; dls_electrophoretic; dls_malvern; dls_zetasizer; hydrodynamic_diameter; malvern_instruments; malvern_zetasizer; nano_zs; scatter_dls; zeta_sizer; zetasizer; zetasizer_malvern; zetasizer_nano; zs_malvern
monoclinic,zirconia,common_vocab,5,compared,12248,7652,3,0.42857142857142855,tetragonal; monoclinic_tetragonal; tetragonal_monoclinic; orthorhombic; orthorhombic_monoclinic,tetragonal; orthorhombic; rhombohedral; tetragonal_monoclinic; cubic_tetragonal,orthorhombic; tetragonal; tetragonal_monoclinic
monoclinic,zirconia,common_vocab,10,compared,12248,7652,7,0.5384615384615384,tetragonal; monoclinic_tetragonal; tetragonal_monoclinic; orthorhombic; orthorhombic_monoclinic; monoclinic_orthorhombic; monoclinic_distortion; cubic_tetragonal; monoclinic_c2; rhombohedral,tetragonal; orthorhombic; rhombohedral; tetragonal_monoclinic; cubic_tetragonal; triclinic; monoclinic_tetragonal; tetragonal_cubic; monoclinic_distortion; monoclinic_p21,cubic_tetragonal; monoclinic_distortion; monoclinic_tetragonal; orthorhombic; rhombohedral; tetragonal; tetragonal_monoclinic
monoclinic,zirconia,common_vocab,20,compared,12248,7652,13,0.48148148148148145,tetragonal; monoclinic_tetragonal; tetragonal_monoclinic; orthorhombic; orthorhombic_monoclinic; monoclinic_orthorhombic; monoclinic_distortion; cubic_tetragonal; monoclinic_c2; rhombohedral; tetragonal_cubic; triclinic; monoclinic_p21; monoclinic_zro; rhombohedral_r3; tetragonal_p42; baddeleyite; p21; pseudocubic; orthorhombic_pnma,tetragonal; orthorhombic; rhombohedral; tetragonal_monoclinic; cubic_tetragonal; triclinic; monoclinic_tetragonal; tetragonal_cubic; monoclinic_distortion; monoclinic_p21; t→m; monoclinic_c2; monoclinic_triclinic; cubic; rhombohedral_orthorhombic; monoclinic_orthorhombic; rhombohedral_monoclinic; p42_nmc; orthorhombic_monoclinic; rhombohedral_r3c,cubic_tetragonal; monoclinic_c2; monoclinic_distortion; monoclinic_orthorhombic; monoclinic_p21; monoclinic_tetragonal; orthorhombic; orthorhombic_monoclinic; rhombohedral; tetragonal; tetragonal_cubic; tetragonal_monoclinic; triclinic
monolithic_zirconia,zirconia,common_vocab,5,compared,849,2951,3,0.42857142857142855,veneered_zirconia; lithium_disilicate; veneered; tzp_ceramic; zirconia,translucent_zirconia; lithium_disilicate; ceramic_crown; veneered_zirconia; zirconia,lithium_disilicate; veneered_zirconia; zirconia
monolithic_zirconia,zirconia,common_vocab,10,compared,849,2951,7,0.5384615384615384,veneered_zirconia; lithium_disilicate; veneered; tzp_ceramic; zirconia; ceramic_crown; tzp; veneer_ceramic; translucent_zirconia; veneering_porcelain,translucent_zirconia; lithium_disilicate; ceramic_crown; veneered_zirconia; zirconia; veneered; crown; veneer; veneer_ceramic; veneer_porcelain,ceramic_crown; lithium_disilicate; translucent_zirconia; veneer_ceramic; veneered; veneered_zirconia; zirconia
monolithic_zirconia,zirconia,common_vocab,20,compared,849,2951,13,0.48148148148148145,veneered_zirconia; lithium_disilicate; veneered; tzp_ceramic; zirconia; ceramic_crown; tzp; veneer_ceramic; translucent_zirconia; veneering_porcelain; veneer_porcelain; veneer; porcelain_veneer; translucency; ips_e.max; cad_cam; feldspathic_ceramic; ceramic; tetragonal_zirconia; restoration,translucent_zirconia; lithium_disilicate; ceramic_crown; veneered_zirconia; zirconia; veneered; crown; veneer; veneer_ceramic; veneer_porcelain; fpds; porcelain_veneer; porcelain_fuse; fdp; fix_partial; ceramic; restoration; 3y_tzp; laminate_veneer; feldspathic_ceramic,ceramic; ceramic_crown; feldspathic_ceramic; lithium_disilicate; porcelain_veneer; restoration; translucent_zirconia; veneer; veneer_ceramic; veneer_porcelain; veneered; veneered_zirconia; zirconia
nanostructure,structural_color_composite,common_vocab,5,compared,31992,42401,2,0.25,nanomaterial; nanoscale; nanowire; nanostructured; nanorod,nanoarchitecture; nanorod; nanostructured; nanostructures; nanoflower,nanorod; nanostructured
nanostructure,structural_color_composite,common_vocab,10,compared,31992,42401,6,0.42857142857142855,nanomaterial; nanoscale; nanowire; nanostructured; nanorod; nanostructuring; nanocrystal; nanodevice; nanometer_scale; nanoparticle,nanoarchitecture; nanorod; nanostructured; nanostructures; nanoflower; nanomaterial; nanowire; nanoscale; nanosized; nanoparticle,nanomaterial; nanoparticle; nanorod; nanoscale; nanostructured; nanowire
nanostructure,structural_color_composite,common_vocab,20,compared,31992,42401,12,0.42857142857142855,nanomaterial; nanoscale; nanowire; nanostructured; nanorod; nanostructuring; nanocrystal; nanodevice; nanometer_scale; nanoparticle; tailor; nanoengineere; micro-/nanostructure; nanoporous; nanoarchitecture; nanofabrication; selfassembled; nanowire_array; core_shell; hierarchical,nanoarchitecture; nanorod; nanostructured; nanostructures; nanoflower; nanomaterial; nanowire; nanoscale; nanosized; nanoparticle; nanotube; self_assemble; selfassembled; hierarchical; nanoporous; nanocrystal; nanosphere; decorate; coreshell; core_shell,core_shell; hierarchical; nanoarchitecture; nanocrystal; nanomaterial; nanoparticle; nanoporous; nanorod; nanoscale; nanostructured; nanowire; selfassembled
opacity,structural_color_composite,common_vocab,5,compared,1768,2030,3,0.42857142857142855,translucent; translucency; opaque; color; translucence,translucency; opaque; translucent; transmittance; masking_ability,opaque; translucency; translucent
opacity,structural_color_composite,common_vocab,10,compared,1768,2030,8,0.6666666666666666,translucent; translucency; opaque; color; translucence; shade; transmittance; transparency; opalescence; white_opaque,translucency; opaque; translucent; transmittance; masking_ability; transparency; white_opaque; shade; opaqueness; color,color; opaque; shade; translucency; translucent; transmittance; transparency; white_opaque
opacity,structural_color_composite,common_vocab,20,compared,1768,2030,13,0.48148148148148145,translucent; translucency; opaque; color; translucence; shade; transmittance; transparency; opalescence; white_opaque; opaque_shade; radiopacity; shade_opacity; translucent_opaque; opaqueness; whitish; lightness; discolouration; translucency_opacity; illuminant,translucency; opaque; translucent; transmittance; masking_ability; transparency; white_opaque; shade; opaqueness; color; whitish_appearance; masking; translucency_opalescence; discoloration; transparent; opaque_shade; opalescence; color_matching; translucency_opacity; translucent_opaque,color; opalescence; opaque; opaque_shade; opaqueness; shade; translucency; translucency_opacity; translucent; translucent_opaque; transmittance; transparency; white_opaque
opal,structural_color_composite,common_vocab,5,compared,882,310,2,0.25,inverse_opal; photonic_crystal; photonic; 3dom; colloidal,inverse_opal; photonic_crystal; bi12sio20; vectorlabs; fluidics,inverse_opal; photonic_crystal
opal,structural_color_composite,common_vocab,10,compared,882,310,3,0.17647058823529413,inverse_opal; photonic_crystal; photonic; 3dom; colloidal; refractive_index; photonic_bandgap; infille; iridescence; butterfly_wing,inverse_opal; photonic_crystal; bi12sio20; vectorlabs; fluidics; photonic_bandgap; sog; biocare_medical; ringwood; templated,inverse_opal; photonic_bandgap; photonic_crystal
opal,structural_color_composite,common_vocab,20,compared,882,310,4,0.1111111111111111,inverse_opal; photonic_crystal; photonic; 3dom; colloidal; refractive_index; photonic_bandgap; infille; iridescence; butterfly_wing; template; antireflective_coating; specular_reflectance; omnidirectional; iridescent; translucent; reflectance_transmittance; index_refraction; transmittance; antireflective,inverse_opal; photonic_crystal; bi12sio20; vectorlabs; fluidics; photonic_bandgap; sog; biocare_medical; ringwood; templated; counterstaine_mayer; stopband; assemblage; templating; gemstone; monodisperse_polystyrene; dithizone; fitch; template; reflective,inverse_opal; photonic_bandgap; photonic_crystal; template
optical,structural_color_composite,common_vocab,5,compared,131560,142374,3,0.42857142857142855,light; opti_cal; transmittance; optic; fluorescence,light; wavelength; opti_cal; transmittance; laser,light; opti_cal; transmittance
optical,structural_color_composite,common_vocab,10,compared,131560,142374,6,0.42857142857142855,light; opti_cal; transmittance; optic; fluorescence; reflectance; infrared; measurement; visible; measure,light; wavelength; opti_cal; transmittance; laser; optically; refractive_index; fluorescence; optic; measurement,fluorescence; light; measurement; opti_cal; optic; transmittance
optical,structural_color_composite,common_vocab,20,compared,131560,142374,12,0.42857142857142855,light; opti_cal; transmittance; optic; fluorescence; reflectance; infrared; measurement; visible; measure; microscope; optically; refractive_index; wavelength; emission; op_tical; optics; laser; photo; absorption,light; wavelength; opti_cal; transmittance; laser; optically; refractive_index; fluorescence; optic; measurement; measure; transparent; absorption; reflectivity; mechanical; use; color; determine; photoluminescence; take,absorption; fluorescence; laser; light; measure; measurement; opti_cal; optic; optically; refractive_index; transmittance; wavelength
partially,zirconia,common_vocab,5,compared,25010,23638,4,0.6666666666666666,partly; fully; completely; support; would,partly; fully; completely; would; totally,completely; fully; partly; would
partially,zirconia,common_vocab,10,compared,25010,23638,7,0.5384615384615384,partly; fully; completely; support; would; acknowledgment_work; totally; part; partial; acknowledgement_work,partly; fully; completely; would; totally; partial; support; might; also; primarily,completely; fully; partial; partly; support; totally; would
partially,zirconia,common_vocab,20,compared,25010,23638,11,0.3793103448275862,partly; fully; completely; support; would; acknowledgment_work; totally; part; partial; acknowledgement_work; acknowledgment; also; and/or; work; strongly; highly; acknowledgement; structure; entirely; may,partly; fully; completely; would; totally; partial; support; might; also; primarily; remain; portion; entirely; could; structure; possibly; mostly; form; acknowledgment_work; fact,acknowledgment_work; also; completely; entirely; fully; partial; partly; structure; support; totally; would
particulate,short_fiber_composite,common_vocab,5,compared,7820,5111,3,0.42857142857142855,particle; reinforcement; particulates; micron_sized; wear_debris,particle; nano_sized; micron_sized; reinforcement; reinforce,micron_sized; particle; reinforcement
particulate,short_fiber_composite,common_vocab,10,compared,7820,5111,5,0.3333333333333333,particle; reinforcement; particulates; micron_sized; wear_debris; microparticulate; porous; atomize; particulate_debris; nanoparticulate,particle; nano_sized; micron_sized; reinforcement; reinforce; microparticulate; submicron_sized; nanoparticulate; nano-_micro; microparticle,micron_sized; microparticulate; nanoparticulate; particle; reinforcement
particulate,short_fiber_composite,common_vocab,20,compared,7820,5111,10,0.3333333333333333,particle; reinforcement; particulates; micron_sized; wear_debris; microparticulate; porous; atomize; particulate_debris; nanoparticulate; reinforce; reinforcing; debris; submicron; nano-_micro; a356_aluminum; nano_sized; phagocytose; murine_macrophage; matrix,particle; nano_sized; micron_sized; reinforcement; reinforce; microparticulate; submicron_sized; nanoparticulate; nano-_micro; microparticle; nanosized; submicron; particulate_matter; agglomerate; agglomerated; particles; reinforcing; nanometric; dispersed; polymeric,micron_sized; microparticulate; nano-_micro; nano_sized; nanoparticulate; particle; reinforce; reinforcement; reinforcing; submicron
photonic_crystal,structural_color_composite,common_vocab,5,compared,3294,2104,3,0.42857142857142855,photonic; photonic_bandgap; waveguide; metamaterial; subwavelength,photonic; photonic_bandgap; waveguide; nanophotonic_waveguide; nanocavity,photonic; photonic_bandgap; waveguide
photonic_crystal,structural_color_composite,common_vocab,10,compared,3294,2104,4,0.25,photonic; photonic_bandgap; waveguide; metamaterial; subwavelength; metallodielectric; nanophotonic; waveguiding; phcs; hyperbolic_metamaterial,photonic; photonic_bandgap; waveguide; nanophotonic_waveguide; nanocavity; plasmonic_metamaterial; nanocavitie; plasmonic_waveguide; subwavelength; metasurface,photonic; photonic_bandgap; subwavelength; waveguide
photonic_crystal,structural_color_composite,common_vocab,20,compared,3294,2104,7,0.21212121212121213,photonic; photonic_bandgap; waveguide; metamaterial; subwavelength; metallodielectric; nanophotonic; waveguiding; phcs; hyperbolic_metamaterial; spontaneous_emission; superlense; ultracompact; bragg_reflector; inverse_opal; omnidirectional; microcavity; phononic_crystal; plasmonic; phc_slab,photonic; photonic_bandgap; waveguide; nanophotonic_waveguide; nanocavity; plasmonic_metamaterial; nanocavitie; plasmonic_waveguide; subwavelength; metasurface; ring_resonator; nanophotonic; plasmonic_metasurface; microcavity; bragg_reflector; microcavitie; opt_express; whisper_gallery; fano_resonance; fabry_perot,bragg_reflector; microcavity; nanophotonic; photonic; photonic_bandgap; subwavelength; waveguide
pigment,structural_color_composite,common_vocab,5,compared,3872,5082,2,0.25,colorant; pigments; colourant; pigment_opacifier; titanium_dioxide,colorant; pigments; opacifier; pigmentation; coloring,colorant; pigments
pigment,structural_color_composite,common_vocab,10,compared,3872,5082,6,0.42857142857142855,colorant; pigments; colourant; pigment_opacifier; titanium_dioxide; cosmetic; opacifier; initiator_stabilizer; paint; camphorquinone,colorant; pigments; opacifier; pigmentation; coloring; pigment_opacifier; shade; paint; camphorquinone; coloration,camphorquinone; colorant; opacifier; paint; pigment_opacifier; pigments
pigment,structural_color_composite,common_vocab,20,compared,3872,5082,10,0.3333333333333333,colorant; pigments; colourant; pigment_opacifier; titanium_dioxide; cosmetic; opacifier; initiator_stabilizer; paint; camphorquinone; coloration; sunscreen; pigmentary; translucent; colored; colour; fd&c; pigmentation; colorless; methacrylate,colorant; pigments; opacifier; pigmentation; coloring; pigment_opacifier; shade; paint; camphorquinone; coloration; colouring; discoloration; titanium_dioxide; color; filler; stabilizer_pigment; pigmented; organic; colourant; discolor,camphorquinone; colorant; coloration; colourant; opacifier; paint; pigment_opacifier; pigmentation; pigments; titanium_dioxide
ratio,zirconia,common_vocab,5,compared,193368,190935,4,0.6666666666666666,proportion; respectively; amount; mix; percentage,respectively; proportion; percentage; ration; amount,amount; percentage; proportion; respectively
ratio,zirconia,common_vocab,10,compared,193368,190935,7,0.5384615384615384,proportion; respectively; amount; mix; percentage; addition; increase; mixture; value; table,respectively; proportion; percentage; ration; amount; mix; relative; mixture; addition; content,addition; amount; mix; mixture; percentage; proportion; respectively
ratio,zirconia,common_vocab,20,compared,193368,190935,13,0.48148148148148145,proportion; respectively; amount; mix; percentage; addition; increase; mixture; value; table; weight; decrease; content; percent; powder; great; except; equal; significantly; relative,respectively; proportion; percentage; ration; amount; mix; relative; mixture; addition; content; value; i.e.; 1:1; vary; molar_ratio; weight; concentration; table; high; equal,addition; amount; content; equal; mix; mixture; percentage; proportion; relative; respectively; table; value; weight
refractive_index,structural_color_composite,common_vocab,5,compared,12143,11247,3,0.42857142857142855,index_refraction; refraction_index; refraction; nsio2; extinction_coefficient,refraction_index; index_refraction; refraction; reflectance; transmittance,index_refraction; refraction; refraction_index
refractive_index,structural_color_composite,common_vocab,10,compared,12143,11247,6,0.42857142857142855,index_refraction; refraction_index; refraction; nsio2; extinction_coefficient; birefringence; transmittance; prism_coupler; ordinary_extraordinary; abbe_refractometer,refraction_index; index_refraction; refraction; reflectance; transmittance; extinction_coefficient; reflectivity; abbe_refractometer; permittivity; transmittance_reflectance,abbe_refractometer; extinction_coefficient; index_refraction; refraction; refraction_index; transmittance
refractive_index,structural_color_composite,common_vocab,20,compared,12143,11247,14,0.5384615384615384,index_refraction; refraction_index; refraction; nsio2; extinction_coefficient; birefringence; transmittance; prism_coupler; ordinary_extraordinary; abbe_refractometer; permittivity; permittivitie; kerr_nonlinearity; fresnel_reflection; fresnel; sellmeier; refractometer; refractive; reflectance; reflectivity,refraction_index; index_refraction; refraction; reflectance; transmittance; extinction_coefficient; reflectivity; abbe_refractometer; permittivity; transmittance_reflectance; wavelength; n(λ; permittivitie; fresnel_reflection; refractive; ordinary_extraordinary; reflectance_transmittance; birefringence; optical; permittivity_permeability,abbe_refractometer; birefringence; extinction_coefficient; fresnel_reflection; index_refraction; ordinary_extraordinary; permittivitie; permittivity; reflectance; reflectivity; refraction; refraction_index; refractive; transmittance
reinforcement,short_fiber_composite,common_vocab,5,compared,11400,18064,4,0.6666666666666666,reinforce; reinforcing; fiber_reinforce; fiber; fibre_reinforce,reinforce; reinforcing; unreinforced; fiber_reinforce; fibre_reinforce,fiber_reinforce; fibre_reinforce; reinforce; reinforcing
reinforcement,short_fiber_composite,common_vocab,10,compared,11400,18064,5,0.3333333333333333,reinforce; reinforcing; fiber_reinforce; fiber; fibre_reinforce; unreinforced; reinforced; aramid_fiber; pre_impregnated; mechanical,reinforce; reinforcing; unreinforced; fiber_reinforce; fibre_reinforce; nanofiller; cfrp; reinforce_epoxy; toughen; toughness,fiber_reinforce; fibre_reinforce; reinforce; reinforcing; unreinforced
reinforcement,short_fiber_composite,common_vocab,20,compared,11400,18064,10,0.3333333333333333,reinforce; reinforcing; fiber_reinforce; fiber; fibre_reinforce; unreinforced; reinforced; aramid_fiber; pre_impregnated; mechanical; composites; strength; flexural_strength; aramid; toughness; whisker_reinforce; weave; matrix; fiber_reinforced; glass,reinforce; reinforcing; unreinforced; fiber_reinforce; fibre_reinforce; nanofiller; cfrp; reinforce_epoxy; toughen; toughness; fibre; reinforced; matrix; fiber; nanoreinforcement; tensile_strength; epoxy; sisal_fiber; fiber_reinforced; particulate,fiber; fiber_reinforce; fiber_reinforced; fibre_reinforce; matrix; reinforce; reinforced; reinforcing; toughness; unreinforced
resin,short_fiber_composite,common_vocab,5,compared,176923,125270,3,0.42857142857142855,composite; adhesive; restorative; material; base,composite; cad_cam; adhesive; resin_cement; restorative,adhesive; composite; restorative
resin,short_fiber_composite,common_vocab,10,compared,176923,125270,5,0.3333333333333333,composite; adhesive; restorative; material; base; dentin; resin_cement; bonding; cure; light_cure,composite; cad_cam; adhesive; resin_cement; restorative; restoration; material; dent_mater; ceramic; luting,adhesive; composite; material; resin_cement; restorative
resin,short_fiber_composite,common_vocab,20,compared,176923,125270,13,0.48148148148148145,composite; adhesive; restorative; material; base; dentin; resin_cement; bonding; cure; light_cure; dent_mater; restoration; lute_cement; polymerization; study; resinous; luting; system; flowable_composite; effect,composite; cad_cam; adhesive; resin_cement; restorative; restoration; material; dent_mater; ceramic; luting; lute; cad/_cam; lute_agent; lute_cement; dentin; flowable_composite; bonding; acrylic_resin; bond_strength; base,adhesive; base; bonding; composite; dent_mater; dentin; flowable_composite; lute_cement; luting; material; resin_cement; restoration; restorative
resistance,short_fiber_composite,common_vocab,5,compared,90978,132556,3,0.42857142857142855,strength; mechanical; property; fracture; effect,strength; mechanical; resistant; fracture; fatigue,fracture; mechanical; strength
resistance,short_fiber_composite,common_vocab,10,compared,90978,132556,7,0.5384615384615384,strength; mechanical; property; fracture; effect; characteristic; resistant; fatigue; influence; various,strength; mechanical; resistant; fracture; fatigue; effect; property; behavior; cyclic_fatigue; retention,effect; fatigue; fracture; mechanical; property; resistant; strength
resistance,short_fiber_composite,common_vocab,20,compared,90978,132556,13,0.48148148148148145,strength; mechanical; property; fracture; effect; characteristic; resistant; fatigue; influence; various; vitro; behavior; material; performance; reinforce; base; current; different; restore; report,strength; mechanical; resistant; fracture; fatigue; effect; property; behavior; cyclic_fatigue; retention; characteristic; contact; conventional; low; durability; base; current; different; comparison; material,base; behavior; characteristic; current; different; effect; fatigue; fracture; material; mechanical; property; resistant; strength
shade,structural_color_composite,common_vocab,5,compared,14183,10583,2,0.25,translucency; color; shades; translucent_shade; opaque_shade,color; translucency; color_matching; shade_a2; shade_a3,color; translucency
shade,structural_color_composite,common_vocab,10,compared,14183,10583,5,0.3333333333333333,translucency; color; shades; translucent_shade; opaque_shade; vita_shade; translucent; shade_a2; shade_selection; shade_tab,color; translucency; color_matching; shade_a2; shade_a3; vita_classic; shade_matching; shaded; translucent_shade; translucent,color; shade_a2; translucency; translucent; translucent_shade
shade,structural_color_composite,common_vocab,20,compared,14183,10583,13,0.48148148148148145,translucency; color; shades; translucent_shade; opaque_shade; vita_shade; translucent; shade_a2; shade_selection; shade_tab; shade_guide; a3.5; illuminant; color_matching; darker_shade; opalescence; cielab_color; shade_a3; a3_a3.5; shade_a3.5,color; translucency; color_matching; shade_a2; shade_a3; vita_classic; shade_matching; shaded; translucent_shade; translucent; colored; a3_a3.5; composite; opaque_shade; shading; shade_selection; shade_tab; shade_guide; shade_a3.5; coloring,a3_a3.5; color; color_matching; opaque_shade; shade_a2; shade_a3; shade_a3.5; shade_guide; shade_selection; shade_tab; translucency; translucent; translucent_shade
shade_matching,structural_color_composite,common_vocab,5,compared,775,375,3,0.42857142857142855,shade_selection; shade_guide; color_matching; colour_matching; vitapan_classical,shade_selection; color_matching; shade_guide; visual_instrumental; shade_tab,color_matching; shade_guide; shade_selection
shade_matching,structural_color_composite,common_vocab,10,compared,775,375,7,0.5384615384615384,shade_selection; shade_guide; color_matching; colour_matching; vitapan_classical; shade_tab; visual_instrumental; shade_taking; illuminant; vita_classical,shade_selection; color_matching; shade_guide; visual_instrumental; shade_tab; vita_classical; shade; vita_classic; vitapan_classical; cielab,color_matching; shade_guide; shade_selection; shade_tab; visual_instrumental; vita_classical; vitapan_classical
shade_matching,structural_color_composite,common_vocab,20,compared,775,375,12,0.42857142857142855,shade_selection; shade_guide; color_matching; colour_matching; vitapan_classical; shade_tab; visual_instrumental; shade_taking; illuminant; vita_classical; cielab; lightness_chroma; vita_shade; colorimeter; easyshade; spectrophotometer_colorimeter; vita_easyshade; vita_classic; paravina; spectroshade,shade_selection; color_matching; shade_guide; visual_instrumental; shade_tab; vita_classical; shade; vita_classic; vitapan_classical; cielab; masking_ability; spectrophotometer_colorimeter; vita_shade; color; metamerism; translucency; visual_assessment; colour_matching; whiteness; visual_judgment,cielab; color_matching; colour_matching; shade_guide; shade_selection; shade_tab; spectrophotometer_colorimeter; visual_instrumental; vita_classic; vita_classical; vita_shade; vitapan_classical
short,short_fiber_composite,common_vocab,5,compared,86402,80622,3,0.42857142857142855,long; shorter; time; length; relatively,long; length; time; short-; hand,length; long; time
short,short_fiber_composite,common_vocab,10,compared,86402,80622,3,0.17647058823529413,long; shorter; time; length; relatively; long_term; strong; range; extend; conventional,long; length; time; short-; hand; extended; duration; order; much; period,length; long; time
short,short_fiber_composite,common_vocab,20,compared,86402,80622,11,0.3793103448275862,long; shorter; time; length; relatively; long_term; strong; range; extend; conventional; several; much; period; however; large; small; less; shorten; characteristic; latter,long; length; time; short-; hand; extended; duration; order; much; period; shorter; extend; large; less; low; within; strong; long_term; fiber; case,extend; large; length; less; long; long_term; much; period; shorter; strong; time
stabilized,zirconia,common_vocab,5,compared,669,676,4,0.6666666666666666,stabilize; stabilization; stabilise; unstabilized; stable,stabilization; stabilize; stabilise; stable; stabilizing,stabilise; stabilization; stabilize; stable
stabilized,zirconia,common_vocab,10,compared,669,676,6,0.42857142857142855,stabilize; stabilization; stabilise; unstabilized; stable; stabilised; stabilisation; dispersed; stabilizer; reducing,stabilization; stabilize; stabilise; stable; stabilizing; stabilisation; stabilizer; highly_efficient; destabilize; unstable,stabilisation; stabilise; stabilization; stabilize; stabilizer; stable
stabilized,zirconia,common_vocab,20,compared,669,676,9,0.2903225806451613,stabilize; stabilization; stabilise; unstabilized; stable; stabilised; stabilisation; dispersed; stabilizer; reducing; stabilizing; loaded; aqueous; restrain; sustain; prolonged; shut; composing; prolong; disperse,stabilization; stabilize; stabilise; stable; stabilizing; stabilisation; stabilizer; highly_efficient; destabilize; unstable; enhanced; aqueous; durable; robust; formed; destabilization; bifunctional; dispersed; efficient; instable,aqueous; dispersed; stabilisation; stabilise; stabilization; stabilize; stabilizer; stabilizing; stable
strength,zirconia,common_vocab,5,compared,177099,193320,3,0.42857142857142855,mechanical; flexural_strength; tensile_strength; property; bond_strength,mechanical; property; flexural_strength; bonding; durability,flexural_strength; mechanical; property
strength,zirconia,common_vocab,10,compared,177099,193320,6,0.42857142857142855,mechanical; flexural_strength; tensile_strength; property; bond_strength; tensile; fracture_toughness; fracture; result; diametral_tensile,mechanical; property; flexural_strength; bonding; durability; bond_strength; tensile_strength; tensile; elastic_modulus; mpa,bond_strength; flexural_strength; mechanical; property; tensile; tensile_strength
strength,zirconia,common_vocab,20,compared,177099,193320,13,0.48148148148148145,mechanical; flexural_strength; tensile_strength; property; bond_strength; tensile; fracture_toughness; fracture; result; diametral_tensile; durability; bonding; flexural; material; resistance; bond; different; addition; compressive_strength; base,mechanical; property; flexural_strength; bonding; durability; bond_strength; tensile_strength; tensile; elastic_modulus; mpa; toughness; fracture_toughness; shear; bond; material; modulus_elasticity; influence; fracture; resistance; application,bond; bond_strength; bonding; durability; flexural_strength; fracture; fracture_toughness; material; mechanical; property; resistance; tensile; tensile_strength
structural,structural_color_composite,common_vocab,5,compared,115439,130066,3,0.42857142857142855,structure; microstructural; struc_tural; physical; property,structure; struc_tural; morphological; characteristic; property,property; struc_tural; structure
structural,structural_color_composite,common_vocab,10,compared,115439,130066,7,0.5384615384615384,structure; microstructural; struc_tural; physical; property; characteristic; mechanical; aspect; investigation; compositional,structure; struc_tural; morphological; characteristic; property; mechanical; compositional; physical; characterization; behavior,characteristic; compositional; mechanical; physical; property; struc_tural; structure
structural,structural_color_composite,common_vocab,20,compared,115439,130066,14,0.5384615384615384,structure; microstructural; struc_tural; physical; property; characteristic; mechanical; aspect; investigation; compositional; key; characterization; behavior; morphological; related; stability; detailed; tural; crystalline; properties,structure; struc_tural; morphological; characteristic; property; mechanical; compositional; physical; characterization; behavior; stability; microstructural; structurally; investigation; unique; chemical; composition; detailed; feature; various,behavior; characteristic; characterization; compositional; detailed; investigation; mechanical; microstructural; morphological; physical; property; stability; struc_tural; structure
tetragonal,zirconia,common_vocab,5,compared,17410,9220,4,0.6666666666666666,orthorhombic; monoclinic; cubic_tetragonal; cubic; tetragonal_orthorhombic,orthorhombic; monoclinic; cubic; cubic_tetragonal; rhombohedral,cubic; cubic_tetragonal; monoclinic; orthorhombic
tetragonal,zirconia,common_vocab,10,compared,17410,9220,6,0.42857142857142855,orthorhombic; monoclinic; cubic_tetragonal; cubic; tetragonal_orthorhombic; tetragonal_i4; rhombohedral; i4_mmm; pseudocubic; tetragonal_distortion,orthorhombic; monoclinic; cubic; cubic_tetragonal; rhombohedral; tetragonal_cubic; tetragonal_orthorhombic; trigonal; orthorhombic_tetragonal; pnma,cubic; cubic_tetragonal; monoclinic; orthorhombic; rhombohedral; tetragonal_orthorhombic
tetragonal,zirconia,common_vocab,20,compared,17410,9220,10,0.3333333333333333,orthorhombic; monoclinic; cubic_tetragonal; cubic; tetragonal_orthorhombic; tetragonal_i4; rhombohedral; i4_mmm; pseudocubic; tetragonal_distortion; orthorhombic_distortion; orthorhombic_tetragonal; orthorhombic_monoclinic; monoclinic_distortion; pseudo_cubic; p4_mmm; tetragonally; monoclinic_c2; tetragonal_p4; tetragonal_cubic,orthorhombic; monoclinic; cubic; cubic_tetragonal; rhombohedral; tetragonal_cubic; tetragonal_orthorhombic; trigonal; orthorhombic_tetragonal; pnma; tetragonal_i4; tetragonality; orthorhombic_pnma; rhombohedral_r3; rhombohedral_distortion; orthorhombic_distortion; triclinic; p42_nmc; monoclinic_p21; rhombohedral_orthorhombic,cubic; cubic_tetragonal; monoclinic; orthorhombic; orthorhombic_distortion; orthorhombic_tetragonal; rhombohedral; tetragonal_cubic; tetragonal_i4; tetragonal_orthorhombic
toughening_mechanism,short_fiber_composite,common_vocab,5,compared,839,1048,4,0.6666666666666666,toughen_mechanism; toughening; crack_bridging; crack_deflection; toughen,toughen_mechanism; toughening; crack_deflection; crack_bridging; extrinsic_toughening,crack_bridging; crack_deflection; toughen_mechanism; toughening
toughening_mechanism,short_fiber_composite,common_vocab,10,compared,839,1048,8,0.6666666666666666,toughen_mechanism; toughening; crack_bridging; crack_deflection; toughen; extrinsic_toughening; microcracking; crack_wake; uncracked_ligament; toughness,toughen_mechanism; toughening; crack_deflection; crack_bridging; extrinsic_toughening; toughen; crack_propagation; crack_propagate; toughness; microcracking,crack_bridging; crack_deflection; extrinsic_toughening; microcracking; toughen; toughen_mechanism; toughening; toughness
toughening_mechanism,short_fiber_composite,common_vocab,20,compared,839,1048,17,0.7391304347826086,toughen_mechanism; toughening; crack_bridging; crack_deflection; toughen; extrinsic_toughening; microcracking; crack_wake; uncracked_ligament; toughness; crack_blunting; crack_propagation; strengthening_toughening; microcracke; crack_propagate; microcrack; fracture_toughness; r_-curve; ahead_crack; tortuous_crack,toughen_mechanism; toughening; crack_deflection; crack_bridging; extrinsic_toughening; toughen; crack_propagation; crack_propagate; toughness; microcracking; fracture_toughness; microcracke; microcrack; crack_blunting; uncracked_ligament; tortuous_crack; crack_tip; crack_wake; crack_initiation; micromechanism,crack_blunting; crack_bridging; crack_deflection; crack_propagate; crack_propagation; crack_wake; extrinsic_toughening; fracture_toughness; microcrack; microcracke; microcracking; tortuous_crack; toughen; toughen_mechanism; toughening; toughness; uncracked_ligament
transformation,zirconia,common_vocab,5,compared,54384,49547,3,0.42857142857142855,phase; transform; martensitic_transformation; precipitation; martensite,martensitic_transformation; phase; diffusionless_transformation; transform; diffusionless,martensitic_transformation; phase; transform
transformation,zirconia,common_vocab,10,compared,54384,49547,6,0.42857142857142855,phase; transform; martensitic_transformation; precipitation; martensite; diffusionless; b19′_martensite; austenite; austenite_martensite; tetragonal_monoclinic,martensitic_transformation; phase; diffusionless_transformation; transform; diffusionless; martensitic; thermoelastic_martensitic; austenite_martensite; martensite; crystallization,austenite_martensite; diffusionless; martensite; martensitic_transformation; phase; transform
transformation,zirconia,common_vocab,20,compared,54384,49547,7,0.21212121212121213,phase; transform; martensitic_transformation; precipitation; martensite; diffusionless; b19′_martensite; austenite; austenite_martensite; tetragonal_monoclinic; heating; α→β; decomposition; temperature; isothermal; austenitic; plasticity_trip; austenite_ferrite; crystal; transformations,martensitic_transformation; phase; diffusionless_transformation; transform; diffusionless; martensitic; thermoelastic_martensitic; austenite_martensite; martensite; crystallization; crystalline; β→α; allotropic_transformation; t→m; tetragonal_monoclinic; tetragonal; bainitic_transformation; martensite_variant; twinning; orthorhombic_α′′,austenite_martensite; diffusionless; martensite; martensitic_transformation; phase; tetragonal_monoclinic; transform
translucency,zirconia;structural_color_composite,common_vocab,5,compared,4580,9075,1,0.1111111111111111,shade; opalescence; translucency_opalescence; translucent; opaque_shade,masking_ability; translucency_opalescence; translucent_zirconia; highly_translucent; color,translucency_opalescence
translucency,zirconia;structural_color_composite,common_vocab,10,compared,4580,9075,8,0.6666666666666666,shade; opalescence; translucency_opalescence; translucent; opaque_shade; color; opacity; highly_translucent; translucence; monolithic_zirconia,masking_ability; translucency_opalescence; translucent_zirconia; highly_translucent; color; opacity; translucent; shade; monolithic_zirconia; opalescence,color; highly_translucent; monolithic_zirconia; opacity; opalescence; shade; translucency_opalescence; translucent
translucency,zirconia;structural_color_composite,common_vocab,20,compared,4580,9075,12,0.42857142857142855,shade; opalescence; translucency_opalescence; translucent; opaque_shade; color; opacity; highly_translucent; translucence; monolithic_zirconia; esthetic_restorative; layering_technique; esthetic; gloss; color_matching; translucency_opacity; illuminant; masking_ability; cielab_color; translucent_shade,masking_ability; translucency_opalescence; translucent_zirconia; highly_translucent; color; opacity; translucent; shade; monolithic_zirconia; opalescence; biaxial_flexural; zirconia; lithium_disilicate; ceramic; 3y_tzp; color_matching; yttria; translucent_tzp; translucence; esthetic,color; color_matching; esthetic; highly_translucent; masking_ability; monolithic_zirconia; opacity; opalescence; shade; translucence; translucency_opalescence; translucent
transmittance,zirconia,common_vocab,5,compared,7617,9008,4,0.6666666666666666,reflectance; transmittance_reflectance; reflectance_transmittance; transmission; transparency,reflectance; transparency; transmittance_reflectance; transmission; refractive_index,reflectance; transmission; transmittance_reflectance; transparency
transmittance,zirconia,common_vocab,10,compared,7617,9008,7,0.5384615384615384,reflectance; transmittance_reflectance; reflectance_transmittance; transmission; transparency; refractive_index; wavelength; optical; diffuse_reflectance; transparent,reflectance; transparency; transmittance_reflectance; transmission; refractive_index; t%; opacity; wavelength; reflectivity; transparent,reflectance; refractive_index; transmission; transmittance_reflectance; transparency; transparent; wavelength
transmittance,zirconia,common_vocab,20,compared,7617,9008,12,0.42857142857142855,reflectance; transmittance_reflectance; reflectance_transmittance; transmission; transparency; refractive_index; wavelength; optical; diffuse_reflectance; transparent; spectral; translucency; absorption; spectral_reflectance; absorptance; light; kubelka_munk; color; opacity; shade,reflectance; transparency; transmittance_reflectance; transmission; refractive_index; t%; opacity; wavelength; reflectivity; transparent; optical_transparency; light; reflectance_transmittance; spectral_reflectance; transmittance_t%; uv_visible; extinction_coefficient; haze; absorption; opaque,absorption; light; opacity; reflectance; reflectance_transmittance; refractive_index; spectral_reflectance; transmission; transmittance_reflectance; transparency; transparent; wavelength
yttria,zirconia,common_vocab,5,compared,774,1697,4,0.6666666666666666,tetragonal_zirconia; yttria_stabilize; mol%_yttria; 3y_tzp; stabilize_tetragonal,mol%_yttria; tetragonal_zirconia; 3y_tzp; stabilize_zirconia; yttria_stabilize,3y_tzp; mol%_yttria; tetragonal_zirconia; yttria_stabilize
yttria,zirconia,common_vocab,10,compared,774,1697,6,0.42857142857142855,tetragonal_zirconia; yttria_stabilize; mol%_yttria; 3y_tzp; stabilize_tetragonal; y2o3; yttrium; yttria_stabilise; tetragonal_monoclinic; mol%_y2o3,mol%_yttria; tetragonal_zirconia; 3y_tzp; stabilize_zirconia; yttria_stabilize; psz; stabilize_tetragonal; zirconia; 3ysz; y2o3,3y_tzp; mol%_yttria; stabilize_tetragonal; tetragonal_zirconia; y2o3; yttria_stabilize
yttria,zirconia,common_vocab,20,compared,774,1697,10,0.3333333333333333,tetragonal_zirconia; yttria_stabilize; mol%_yttria; 3y_tzp; stabilize_tetragonal; y2o3; yttrium; yttria_stabilise; tetragonal_monoclinic; mol%_y2o3; stabilize_zirconia; mol.%_yttria; 12ce_tzp; zro2; ceria_stabilize; yttrium_stabilize; tzp_ceramic; stabilized_zirconia; ceria; zro,mol%_yttria; tetragonal_zirconia; 3y_tzp; stabilize_zirconia; yttria_stabilize; psz; stabilize_tetragonal; zirconia; 3ysz; y2o3; polycrystal_tzp; highly_translucent; tzp; zirconia_polycrystal; 5y; yttria_partially; yttrium; translucent_zirconia; tzp_ceramic; mol%_y2o3,3y_tzp; mol%_y2o3; mol%_yttria; stabilize_tetragonal; stabilize_zirconia; tetragonal_zirconia; tzp_ceramic; y2o3; yttria_stabilize; yttrium
