term,material_system,status,in_pre,in_post,pre_count,post_count,mode,pre_neighbors,post_neighbors
absorption,short_fiber_composite,compared,True,True,101327,114640,common_vocab,absorb (0.668); spectrum (0.612); solubility (0.606); transmittance (0.604); spectra (0.596); absorbed (0.587); addition (0.582); uv_vis (0.574); absorbtion (0.563); wavelength (0.561); absorbance (0.560); absorp_tion (0.556); uv_visible (0.555); infrared (0.552); emission (0.552); property (0.550); optical (0.547); nir (0.541); characteristic (0.541); water (0.541),absorb (0.698); absorbing (0.627); spectra (0.625); spectrum (0.619); uv_vis (0.615); transmittance (0.604); uv_visible (0.597); infrared (0.585); reflectivity (0.582); transmission (0.579); absorbed (0.579); reflectance (0.571); absorbance (0.565); absorp_tion (0.563); coefficient_α(ω (0.561); ultraviolet_visible (0.560); wavelength (0.558); visible (0.556); characteristic (0.548); optical (0.545)
adaptation,structural_color_composite,compared,True,True,6224,8887,common_vocab,marginal_adaptation (0.723); marginal_integrity (0.675); cavity (0.661); internal_adaptation (0.647); gap (0.639); restoration (0.633); marginal_internal (0.631); marginal (0.628); system (0.627); adaptability (0.626); marginal_sealing (0.620); wall (0.620); resin (0.616); marginal_seal (0.613); microleakage (0.609); technique (0.603); marginal_leakage (0.603); inlay (0.601); composite (0.599); placement (0.593),adaption (0.676); reproduction (0.619); marginal_adaptation (0.577); restoration (0.557); adaptability (0.555); jayasooriya_pr (0.548); marginal_internal (0.545); marginal (0.535); intaglio (0.532); technique (0.523); license_http://crea (0.522); material (0.521); adjustment (0.516); indirect_restoration (0.514); tivecommons.org/licenses/by/4.0/_permit (0.512); marginal_integrity (0.511); marginal_discrepancy (0.508); marginal_sealing (0.507); internal_adaptation (0.506); placement (0.506)
brittle_fracture,short_fiber_composite,compared,True,True,2135,2024,common_vocab,brittle (0.810); ductile (0.798); crack_propagation (0.748); brittle_ductile (0.717); crack_tip (0.701); fracture (0.687); crack_propagate (0.685); fracture_mechanic (0.675); toughness (0.674); plastic_deformation (0.673); catastrophic_fracture (0.668); crack_initiation (0.661); intergranular_fracture (0.660); fractography (0.658); catastrophic_failure (0.657); crack (0.646); ahead_crack (0.637); yielding (0.636); quasibrittle (0.635); lefm (0.631),brittle (0.821); ductile (0.798); crack_propagation (0.778); intergranular_fracture (0.737); plastic_deformation (0.730); crack_initiation (0.724); ductile_brittle (0.717); transgranular_fracture (0.716); crack_propagate (0.709); microvoid_coalescence (0.703); crack (0.684); brittle_ductile (0.682); transgranular (0.679); fracture (0.666); transgranular_intergranular (0.664); microcrack (0.659); brittleness (0.654); crack_deflection (0.654); cleavage_facet (0.651); ductile_dimple (0.651)
build,short_fiber_composite,compared,True,True,25165,38380,common_vocab,construction (0.668); core (0.657); create (0.651); apply (0.639); comprise (0.638); design (0.631); develop (0.627); introduce (0.614); manufacture (0.608); make (0.606); generate (0.604); construct (0.597); consist (0.596); fabricate (0.594); utilize (0.591); mention (0.589); compose (0.588); manner (0.588); employ (0.584); assembly (0.584),design (0.675); manufacture (0.659); building (0.652); construction (0.651); fabricate (0.641); construct (0.637); create (0.635); 3d_print (0.590); direction (0.573); customize (0.570); manufactured (0.560); additive_manufacture (0.557); make (0.550); apply (0.548); connect (0.547); system (0.546); generate (0.544); core (0.544); dimension (0.543); develop (0.542)
chameleon,structural_color_composite,compared,True,True,117,176,common_vocab,hidex (0.512); brilliant (0.477); lifelike (0.476); sapphire_laser (0.461); artis (0.461); translucence (0.458); metameric (0.452); looking (0.450); excitation_wavelength (0.447); photostabilitie (0.443); emission_wavelength (0.442); lighting (0.441); perception (0.439); aesthetic_appearance (0.439); ceramx (0.437); opalescence (0.436); iridescence (0.433); metamerism (0.431); morpho_butterfly (0.431); colour (0.426),color_matching (0.528); chromatic (0.514); color (0.513); cephalopod (0.492); multicolore (0.487); reflective (0.478); colour (0.474); multicolor (0.473); chroma (0.470); iridescent (0.465); beautiful (0.463); creature (0.461); multimode (0.460); flying (0.460); iridescence (0.458); beetle (0.455); palette (0.453); hiding (0.453); translucent (0.449); reflectance (0.448)
color,structural_color_composite,compared,True,True,62945,69834,common_vocab,colour (0.769); shade (0.744); translucency (0.725); discoloration (0.690); cie_l*a*b (0.684); lightness (0.679); color_matching (0.670); opacity (0.667); cielab_color (0.665); colorimeter (0.660); l*a*b (0.657); cielab (0.648); perceptible_color (0.647); esthetic_restorative (0.640); l*a*b_color (0.639); change (0.639); hue_chroma (0.634); translucent (0.630); cie (0.622); chromatic (0.620),shade (0.764); colour (0.738); translucency (0.716); cielab (0.672); cielab_color (0.670); perceptible_color (0.670); color_matching (0.669); discoloration (0.665); l*a*b (0.661); lightness (0.655); cie_lab (0.647); composite (0.643); hue (0.639); perceptibility_acceptability (0.636); cie_l*a*b (0.636); chromatic (0.635); cielab_coordinate (0.629); esthetic (0.628); shade_matching (0.627); colored (0.621)
color_matching,structural_color_composite,compared,True,True,555,563,common_vocab,shade_matching (0.798); shade_selection (0.784); shade_guide (0.717); colour_matching (0.710); shade_tab (0.678); color (0.670); illuminant (0.669); cielab (0.665); vitapan_classical (0.652); shade_taking (0.650); spectrophotometer_colorimeter (0.649); colorimeter (0.646); visual_instrumental (0.637); shade (0.634); translucency (0.632); metamerism (0.627); visual_perception (0.624); cielab_color (0.615); vita_shade (0.612); esthetic_restorative (0.610),shade_matching (0.776); shade_selection (0.744); shade (0.683); color (0.669); shade_guide (0.658); shade_tab (0.651); visual_instrumental (0.651); translucency (0.643); colour_matching (0.638); cielab (0.616); vita_shade (0.614); vitapan_classical (0.610); masking_ability (0.605); spectral_reflectance (0.590); metamerism (0.590); esthetic (0.589); vita_classical (0.588); cielab_color (0.587); vita_easyshade (0.587); spectrophotometer_colorimeter (0.587)
composite,short_fiber_composite;structural_color_composite,compared,True,True,285634,297866,common_vocab,resin (0.894); material (0.788); restorative (0.780); restoration (0.746); base (0.730); dent_mater (0.725); ceramic (0.724); study (0.721); system (0.713); hybrid (0.711); different (0.710); cure (0.708); filler (0.708); light_cure (0.705); flowable_resin (0.702); flowable_composite (0.700); adhesive (0.699); effect (0.698); property (0.691); type (0.690),resin (0.892); material (0.810); restorative (0.793); ceramic (0.773); restoration (0.755); cad_cam (0.749); base (0.741); dent_mater (0.740); filler (0.728); flowable_composite (0.717); property (0.709); bulk (0.708); adhesive (0.708); different (0.705); study (0.704); surface (0.703); effect (0.694); nanofilled (0.688); cure (0.687); flowable_resin (0.686)
contrast,zirconia,compared,True,True,110562,121268,common_vocab,whereas (0.846); moreover (0.809); furthermore (0.803); clearly (0.798); similarly (0.791); similar (0.789); although (0.789); appear (0.786); exhibit (0.783); slightly (0.782); relatively (0.779); observe (0.774); demonstrate (0.774); however (0.773); suggest (0.772); even (0.766); reveal (0.765); find (0.755); unlike (0.752); less (0.749),whereas (0.784); however (0.758); although (0.756); moreover (0.753); addition (0.752); observe (0.743); similar (0.738); exhibit (0.736); less (0.733); furthermore (0.731); reveal (0.729); compare (0.728); relatively (0.725); even (0.720); suggest (0.715); slightly (0.713); much (0.709); high (0.706); demonstrate (0.705); additionally (0.703)
conventional,structural_color_composite,compared,True,True,65199,78540,common_vocab,base (0.793); method (0.758); system (0.755); traditional (0.753); technique (0.750); compare (0.725); employ (0.722); use (0.721); however (0.717); low (0.715); material (0.714); type (0.713); high (0.703); different (0.701); produce (0.695); hand (0.691); combination (0.688); result (0.687); commercially_available (0.687); application (0.684),base (0.757); technique (0.730); traditional (0.722); system (0.709); method (0.708); different (0.699); bulk (0.697); compare (0.687); material (0.687); conventionally (0.686); alternative (0.665); low (0.664); composite (0.658); comparison (0.654); various (0.651); resin (0.650); fabricate (0.642); high (0.636); use (0.636); however (0.634)
core,short_fiber_composite,compared,True,True,89181,69822,common_vocab,post (0.729); build (0.657); crown (0.643); veneer (0.640); ceramic_crown (0.628); restoration (0.619); strength (0.618); prefabricated (0.618); restore (0.614); fiber (0.612); fracture (0.606); material (0.604); dowel (0.602); ceramic (0.600); prefabricate_post (0.597); design (0.597); lute (0.592); stress (0.591); system (0.590); composite (0.584),post (0.659); base (0.592); fiber (0.588); part (0.579); system (0.578); inner (0.574); resin (0.562); composite (0.561); strength (0.553); lute_cement (0.553); flare_root (0.548); material (0.547); shell (0.547); crown (0.547); intraradicular_post (0.546); single (0.544); veneer (0.544); build (0.544); postcore (0.542); glass (0.541)
core_shell,structural_color_composite,compared,True,True,12192,17765,common_vocab,coreshell (0.827); shell (0.727); nanocrystal (0.696); core/_shell (0.673); core_multishell (0.661); nanowire (0.658); yolk_shell (0.637); cdse (0.630); cdse_cds (0.622); nanoparticle (0.614); nanostructure (0.612); nanosphere (0.608); hollow_nanosphere (0.594); ag@sio2 (0.585); nanorattle (0.585); bimetallic (0.584); core_sheath (0.583); heterostructured (0.581); qd (0.580); monodisperse (0.579),coreshell (0.853); yolk_shell (0.694); core@shell (0.692); nanosphere (0.691); nanorod (0.657); shell (0.654); hollow (0.648); core/_shell (0.644); monodispersed (0.634); nanoparticle (0.629); nanocrystal (0.628); coaxial_electrospinning (0.624); hollow_nanosphere (0.624); nanostructure (0.624); decorate (0.624); nanocube (0.616); coaxial_electrospinne (0.615); multishell (0.610); mesoporous (0.607); hollow_sphere (0.606)
crack_bridging,short_fiber_composite,compared,True,True,309,291,common_vocab,crack_deflection (0.858); toughening_mechanism (0.832); toughening (0.799); toughen_mechanism (0.791); uncracked_ligament (0.770); crack_wake (0.769); extrinsic_toughening (0.753); crack_blunting (0.714); crack_propagation (0.713); microcracking (0.709); crack_propagate (0.705); toughen (0.698); microcracke (0.668); tortuous_crack (0.666); microcrack (0.655); crack_tip (0.652); ahead_crack (0.639); toughness (0.635); r_-curve (0.631); crack (0.629),crack_deflection (0.835); toughening_mechanism (0.819); extrinsic_toughening (0.782); toughen_mechanism (0.769); toughening (0.749); uncracked_ligament (0.739); crack_propagation (0.733); crack_propagate (0.715); tortuous_crack (0.675); crack_wake (0.672); microcrack (0.670); microcracking (0.669); toughen (0.657); crack_tip (0.648); microcracke (0.640); crack (0.638); crack_initiation (0.616); crack_blunting (0.608); fracture_toughness (0.605); bouligand_structure (0.599)
crack_propagation,short_fiber_composite,compared,True,True,6902,8932,common_vocab,crack_propagate (0.873); crack_initiation (0.855); crack (0.831); crack_tip (0.800); fatigue_crack (0.781); crack_deflection (0.763); microcrack (0.749); brittle_fracture (0.748); cracking (0.728); ahead_crack (0.727); fracture_mechanic (0.721); fracture_toughness (0.720); brittle (0.718); crack_bridging (0.713); catastrophic_failure (0.706); catastrophic_fracture (0.705); fracture (0.704); crack_wake (0.701); toughness (0.700); intergranular_fracture (0.696),crack_initiation (0.889); crack_propagate (0.863); crack (0.837); crack_deflection (0.810); crack_tip (0.797); brittle_fracture (0.778); microcrack (0.766); toughening_mechanism (0.760); fatigue_crack (0.757); toughen_mechanism (0.737); catastrophic_failure (0.737); crack_bridging (0.733); tortuous_crack (0.728); brittle (0.723); fracture (0.709); fracture_toughness (0.702); microcracking (0.700); toughening (0.698); plastic_deformation (0.697); initiation_propagation (0.686)
cubic,zirconia,compared,True,True,36768,29351,common_vocab,tetragonal (0.749); cubic_tetragonal (0.696); orthorhombic (0.693); rhombohedral (0.674); hexagonal (0.672); trigonal (0.655); pm_̄3 (0.654); cubic_fcc (0.653); lattice (0.646); cubic_bcc (0.642); tetragonal_distortion (0.641); distorted (0.634); aristotype (0.634); fm_̄3 (0.625); pseudocubic (0.616); crystallize_cubic (0.614); tetragonally (0.608); pseudo_cubic (0.608); cubic_fluorite (0.607); monoclinic (0.604),tetragonal (0.805); orthorhombic (0.735); hexagonal (0.724); rhombohedral (0.707); cubic_tetragonal (0.702); cubic_fcc (0.694); monoclinic (0.661); tetragonal_bct (0.650); tetragonal_cubic (0.650); fcc (0.644); cubic_bcc (0.643); trigonal (0.634); orthorhombic_tetragonal (0.633); cubic_pm-3 (0.628); tetragonal_i41 (0.622); tetragonally_distort (0.622); crystallize_cubic (0.618); rhombohedrally_distort (0.615); orthorhombic_pnma (0.614); wurtzite (0.609)
deflection,short_fiber_composite,compared,True,True,10231,8328,common_vocab,bend (0.729); bending (0.684); deflection_cantilever (0.638); flexural (0.637); cantilever (0.633); deflect (0.626); flexure (0.619); displacement (0.615); cantilever_deflection (0.586); force (0.586); mid_span (0.581); elastic_modulus (0.578); deformation (0.576); load (0.575); modulus_elasticity (0.571); elastic (0.571); flexural_strength (0.566); threepoint_bending (0.560); point (0.555); loaddisplacement_curve (0.555),flexure (0.728); bend (0.700); mid_span (0.690); deflect (0.667); displacement (0.655); bending (0.646); flexural (0.630); force (0.628); euler_bernoulli (0.628); midspan (0.619); cantilever (0.618); radius_curvature (0.608); buckling (0.603); deflection_cantilever (0.595); cantilever_deflection (0.593); pull (0.587); indentation (0.578); unnotched (0.569); deformation (0.568); ultimate (0.567)
diffraction,structural_color_composite,compared,True,True,56431,45263,common_vocab,diffraction_pattern (0.828); x_ray (0.826); xrd (0.817); diffraction_xrd (0.739); diffractometry (0.731); diffractogram (0.726); xrd_pattern (0.722); diffractometer (0.696); 2θ (0.687); synchrotron (0.681); diffrac_tion (0.681); rietveld_refinement (0.678); bragg_reflection (0.675); diffractometer_monochromatic (0.670); rietveld (0.666); diffract (0.666); xrd-6000_shimadzu (0.664); neutron_diffraction (0.657); reflection (0.654); debye_scherrer (0.650),diffraction_pattern (0.839); xrd (0.799); 2θ (0.765); x_ray (0.761); diffractogram (0.760); bragg (0.746); bragg_reflection (0.745); xrd_pattern (0.742); diffraction_xrd (0.741); diffrac_tion (0.719); diffract (0.719); jcpds (0.711); 2y (0.710); bragg_peak (0.699); jcpds_file (0.684); jcpds_card (0.684); rietveld (0.676); xrd_diffractogram (0.674); rietveld_refinement (0.672); diffraction_pxrd (0.670)
energy,short_fiber_composite,compared,True,True,610917,502509,common_vocab,ev (0.628); energetic (0.608); ev. (0.598); state (0.595); ergy (0.580); energie (0.568); ∆e (0.567); free (0.553); respect (0.540); mev (0.540); electron (0.538); ∆e. (0.516); note (0.514); 5mev (0.513); mev. (0.509); total (0.504); work (0.504); correspond (0.503); ener_gy (0.500); en_ergy (0.500),energetic (0.644); ev. (0.612); ev (0.595); state (0.571); electron (0.562); electronic (0.558); mev. (0.558); energie (0.553); mev (0.551); highenergy (0.546); photon (0.533); energies (0.524); ergy (0.519); mev_mev (0.518); power (0.510); calculation (0.506); hydrogen (0.496); joule (0.492); small (0.491); en_ergy (0.489)
everx,short_fiber_composite,compared,True,True,84,95,common_vocab,everx_posterior (0.654); universal_flo (0.603); z250 (0.599); frc_everstick (0.594); unidirectional_frc (0.591); everstick_c&b (0.588); g_ænial (0.587); everstick (0.583); filtek (0.583); filtek_z250 (0.580); ribbond (0.575); fill_flowable (0.560); quixfil (0.554); admira_fusion (0.550); tetric_evoceram (0.545); z2a (0.545); grandioso (0.543); filtek_supreme (0.540); stick_tech (0.540); frc (0.535),everx_posterior (0.739); sculptable (0.601); flowable (0.595); g_ænial (0.593); packable (0.576); filtek (0.570); plus_f00 (0.568); sfrc (0.567); microhybrid (0.563); g_aenial (0.560); fill_flowable (0.560); flowable_composite (0.559); unifil_flow (0.558); nanofill (0.556); fbf (0.556); cerasmart (0.546); herculite_xrv (0.545); microhybrid_composite (0.544); flowable_resin (0.542); frc_everstick (0.542)
filler,structural_color_composite,compared,True,True,45145,40892,common_vocab,inorganic_filler (0.837); barium_glass (0.756); microfiller (0.754); nanofiller (0.754); prepolymerize_filler (0.731); composite (0.708); particle (0.701); udma_tegdma (0.681); resin (0.678); microfill (0.677); prepolymerize (0.675); microfille (0.669); microfille_composite (0.662); udma (0.657); silanate_barium (0.656); silica (0.654); tegdma (0.654); bis_gma (0.648); microhybrid (0.645); urethane_dimethacrylate (0.644),inorganic_filler (0.835); nanofiller (0.731); composite (0.728); barium_glass (0.725); monomer (0.718); resin (0.702); prepolymerize_filler (0.692); bis_gma (0.687); tegdma (0.680); udma_tegdma (0.671); nanofilled (0.660); silica (0.658); udma (0.649); particle (0.645); matrix (0.635); udma_bis (0.634); microfiller (0.631); wt% (0.626); material (0.625); dimethacrylate (0.624)
fracture,short_fiber_composite,compared,True,True,100148,97474,common_vocab,failure (0.827); catastrophic_fracture (0.763); fatigue (0.730); fractured (0.719); fractographic_analysis (0.715); catastrophic_failure (0.704); crack_propagation (0.704); crack (0.700); debonding (0.697); brittle_fracture (0.687); strength (0.686); facture (0.682); stress (0.681); fractography (0.678); load (0.678); chipping (0.672); crack_initiation (0.669); cyclic_loading (0.667); fracture_toughness (0.664); crack_propagate (0.660),failure (0.829); fractured (0.795); catastrophic_fracture (0.755); catastrophic_failure (0.739); debonding (0.725); fractographic_analysis (0.719); crack_propagation (0.709); debonde (0.708); facture (0.705); crack (0.705); crack_initiation (0.697); chipping (0.691); crown (0.688); fatigue (0.687); brittle_fracture (0.666); fractography (0.664); stress (0.658); fractographic (0.654); strength (0.652); repairable_fracture (0.650)
fracture_toughness,zirconia;short_fiber_composite,compared,True,True,14578,14954,common_vocab,kic (0.814); toughness (0.811); crack_propagation (0.720); flexural_strength (0.709); mpa√m (0.694); strength (0.691); fracture_mechanic (0.686); k1c (0.674); fatigue (0.671); toughening (0.671); sevnb (0.670); fractography (0.669); flexure_strength (0.667); chevron_notch (0.666); fracture (0.664); precracke (0.660); crack_deflection (0.657); brittle (0.655); anstis (0.655); precrack (0.652),kic (0.806); toughness (0.795); flexural_strength (0.745); mpa_m1/2 (0.728); crack_propagation (0.702); hardness (0.685); toughening (0.685); mpa.m (0.682); toughening_mechanism (0.682); mpa·m (0.681); fracture_mechanic (0.681); toughen_mechanism (0.676); vickers_hardness (0.673); strength (0.673); flexural (0.670); mpa·m1/2 (0.669); sevnb (0.664); crack_deflection (0.659); vickers_indentation (0.659); crack_initiation (0.657)
fully,zirconia,compared,True,True,42038,51172,common_vocab,completely (0.786); partially (0.727); entirely (0.683); totally (0.681); still (0.657); able (0.654); yet (0.653); instead (0.647); initially (0.645); already (0.644); nevertheless (0.642); remain (0.641); highly (0.633); even_though (0.629); indeed (0.624); effectively (0.620); essentially (0.619); thus (0.613); even (0.611); additionally (0.606),completely (0.753); partially (0.734); remain (0.664); yet (0.645); entirely (0.642); able (0.641); still (0.627); instead (0.621); initially (0.619); totally (0.601); already (0.591); properly (0.588); rather (0.586); sufficient (0.583); easily (0.577); sufficiently (0.576); hence (0.573); extend (0.570); even (0.568); complete (0.567)
glass,short_fiber_composite,compared,True,True,149848,109869,common_vocab,fiber (0.714); ceramic (0.691); reinforce (0.682); silica (0.677); borosilicate_glass (0.662); composite (0.662); material (0.659); resin (0.658); soda_lime (0.658); silanize (0.653); base (0.647); fiber_reinforce (0.634); leucite_reinforce (0.630); silanate (0.630); silicate (0.619); aluminum (0.614); alumina (0.613); reinforcement (0.609); glassceramic (0.609); glass_ceramics (0.607),ceramic (0.718); borosilicate_glass (0.673); composite (0.673); soda_lime (0.664); silica (0.653); fiber (0.650); glass_ceramics (0.632); silicate (0.632); resin (0.629); material (0.619); base (0.611); boro_silicate (0.606); filler (0.602); lithium_disilicate (0.600); polymer (0.597); silanate (0.596); fiber_reinforce (0.594); feldspathic_porcelain (0.593); glassceramic (0.592); glassy (0.584)
interference,structural_color_composite,compared,True,True,12554,10483,common_vocab,fabry_perot (0.692); destructive_interference (0.684); constructive_interference (0.672); constructive_destructive (0.667); interference_fringe (0.652); interfere (0.643); fringe (0.603); unscattered (0.602); interfere_destructively (0.601); grating (0.593); interferometer (0.593); interferometric (0.585); p_́erot (0.584); fabry_pérot (0.584); transmission (0.579); interfere_constructively (0.574); standing_wave (0.569); diffract (0.567); reflection (0.562); reflected (0.557),constructive_destructive (0.659); interfere (0.647); unscattered (0.589); interfere_constructively (0.587); destructive_interference (0.580); interfere_destructively (0.573); background_noise (0.562); constructive_interference (0.560); reflection (0.558); interference_fringe (0.542); unwanted (0.539); backscattering (0.536); fano_interference (0.536); interferometric (0.529); pe_́rot (0.519); disturbance (0.517); fabry_pérot (0.515); exit_port (0.512); spurious (0.508); interferential (0.508)
light_scattering,structural_color_composite,compared,True,True,6017,6272,common_vocab,dls (0.809); scatter_dls (0.801); nano_zs (0.757); dls_zetasizer (0.738); zetasizer_nano (0.737); malvern_zetasizer (0.731); zetasizer (0.731); dls_brookhaven (0.713); zeta_sizer (0.710); malvern_instruments (0.709); zs_malvern (0.709); dls_malvern (0.708); brookhaven_instruments (0.707); zen_malvern (0.700); particle_sizer (0.698); hydrodynamic_diameter (0.696); instrument_malvern (0.692); dls_electrophoretic (0.692); holtsville_ny (0.686); zetasizer_malvern (0.684),dls (0.803); scatter_dls (0.788); zetasizer_nano (0.751); dls_malvern (0.751); dls_zetasizer (0.748); nano_zs (0.743); malvern_zetasizer (0.741); nano_zs90 (0.734); zs_malvern (0.727); hydrodynamic_diameter (0.727); dls_electrophoretic (0.722); zetasizer (0.719); zeta_sizer (0.709); malvern_instruments (0.709); malvern (0.702); zetasizer_nanozs (0.698); zs90_malvern (0.695); dls_zeta (0.695); zetasizer_malvern (0.692); polydispersity_index (0.691)
monoclinic,zirconia,compared,True,True,12248,7652,common_vocab,tetragonal (0.812); monoclinic_tetragonal (0.785); tetragonal_monoclinic (0.781); orthorhombic (0.753); orthorhombic_monoclinic (0.714); monoclinic_orthorhombic (0.713); monoclinic_distortion (0.707); cubic_tetragonal (0.705); monoclinic_c2 (0.703); rhombohedral (0.697); tetragonal_cubic (0.695); triclinic (0.681); monoclinic_p21 (0.666); monoclinic_zro (0.665); rhombohedral_r3 (0.656); tetragonal_p42 (0.655); baddeleyite (0.654); p21 (0.650); pseudocubic (0.645); orthorhombic_pnma (0.644),tetragonal (0.835); orthorhombic (0.785); rhombohedral (0.766); tetragonal_monoclinic (0.749); cubic_tetragonal (0.725); triclinic (0.721); monoclinic_tetragonal (0.712); tetragonal_cubic (0.704); monoclinic_distortion (0.683); monoclinic_p21 (0.681); t→m (0.681); monoclinic_c2 (0.676); monoclinic_triclinic (0.674); cubic (0.661); rhombohedral_orthorhombic (0.654); monoclinic_orthorhombic (0.650); rhombohedral_monoclinic (0.649); p42_nmc (0.649); orthorhombic_monoclinic (0.649); rhombohedral_r3c (0.646)
monolithic_zirconia,zirconia,compared,True,True,849,2951,common_vocab,veneered_zirconia (0.723); lithium_disilicate (0.720); veneered (0.712); tzp_ceramic (0.711); zirconia (0.710); ceramic_crown (0.697); tzp (0.688); veneer_ceramic (0.687); translucent_zirconia (0.686); veneering_porcelain (0.685); veneer_porcelain (0.678); veneer (0.676); porcelain_veneer (0.667); translucency (0.658); ips_e.max (0.654); cad_cam (0.649); feldspathic_ceramic (0.641); ceramic (0.630); tetragonal_zirconia (0.626); restoration (0.622),translucent_zirconia (0.805); lithium_disilicate (0.788); ceramic_crown (0.777); veneered_zirconia (0.758); zirconia (0.756); veneered (0.754); crown (0.750); veneer (0.748); veneer_ceramic (0.747); veneer_porcelain (0.743); fpds (0.738); porcelain_veneer (0.734); porcelain_fuse (0.723); fdp (0.712); fix_partial (0.712); ceramic (0.704); restoration (0.701); 3y_tzp (0.701); laminate_veneer (0.701); feldspathic_ceramic (0.698)
nanostructure,structural_color_composite,compared,True,True,31992,42401,common_vocab,nanomaterial (0.730); nanoscale (0.724); nanowire (0.682); nanostructured (0.677); nanorod (0.674); nanostructuring (0.674); nanocrystal (0.673); nanodevice (0.663); nanometer_scale (0.638); nanoparticle (0.637); tailor (0.635); nanoengineere (0.630); micro-/nanostructure (0.627); nanoporous (0.624); nanoarchitecture (0.622); nanofabrication (0.618); selfassembled (0.618); nanowire_array (0.614); core_shell (0.612); hierarchical (0.610),nanoarchitecture (0.752); nanorod (0.719); nanostructured (0.709); nanostructures (0.701); nanoflower (0.686); nanomaterial (0.680); nanowire (0.672); nanoscale (0.672); nanosized (0.666); nanoparticle (0.666); nanotube (0.646); self_assemble (0.642); selfassembled (0.640); hierarchical (0.640); nanoporous (0.639); nanocrystal (0.637); nanosphere (0.630); decorate (0.629); coreshell (0.626); core_shell (0.624)
opacity,structural_color_composite,compared,True,True,1768,2030,common_vocab,translucent (0.725); translucency (0.709); opaque (0.673); color (0.667); translucence (0.638); shade (0.605); transmittance (0.586); transparency (0.578); opalescence (0.575); white_opaque (0.570); opaque_shade (0.567); radiopacity (0.567); shade_opacity (0.555); translucent_opaque (0.553); opaqueness (0.550); whitish (0.549); lightness (0.547); discolouration (0.546); translucency_opacity (0.546); illuminant (0.545),translucency (0.716); opaque (0.700); translucent (0.682); transmittance (0.655); masking_ability (0.639); transparency (0.626); white_opaque (0.604); shade (0.595); opaqueness (0.593); color (0.591); whitish_appearance (0.567); masking (0.566); translucency_opalescence (0.564); discoloration (0.561); transparent (0.556); opaque_shade (0.553); opalescence (0.553); color_matching (0.550); translucency_opacity (0.547); translucent_opaque (0.544)
opal,structural_color_composite,compared,True,True,882,310,common_vocab,inverse_opal (0.630); photonic_crystal (0.606); photonic (0.530); 3dom (0.523); colloidal (0.521); refractive_index (0.518); photonic_bandgap (0.506); infille (0.498); iridescence (0.497); butterfly_wing (0.489); template (0.481); antireflective_coating (0.479); specular_reflectance (0.476); omnidirectional (0.471); iridescent (0.470); translucent (0.459); reflectance_transmittance (0.455); index_refraction (0.455); transmittance (0.453); antireflective (0.452),inverse_opal (0.546); photonic_crystal (0.495); bi12sio20 (0.491); vectorlabs (0.438); fluidics (0.430); photonic_bandgap (0.425); sog (0.421); biocare_medical (0.420); ringwood (0.418); templated (0.417); counterstaine_mayer (0.415); stopband (0.413); assemblage (0.412); templating (0.405); gemstone (0.398); monodisperse_polystyrene (0.394); dithizone (0.393); fitch (0.392); template (0.392); reflective (0.391)
optical,structural_color_composite,compared,True,True,131560,142374,common_vocab,light (0.632); opti_cal (0.619); transmittance (0.616); optic (0.600); fluorescence (0.598); reflectance (0.593); infrared (0.579); measurement (0.574); visible (0.574); measure (0.569); microscope (0.569); optically (0.568); refractive_index (0.563); wavelength (0.559); emission (0.556); op_tical (0.554); optics (0.551); laser (0.549); photo (0.549); absorption (0.547),light (0.619); wavelength (0.576); opti_cal (0.573); transmittance (0.573); laser (0.566); optically (0.564); refractive_index (0.559); fluorescence (0.557); optic (0.553); measurement (0.550); measure (0.547); transparent (0.546); absorption (0.545); reflectivity (0.544); mechanical (0.541); use (0.541); color (0.540); determine (0.540); photoluminescence (0.539); take (0.537)
partially,zirconia,compared,True,True,25010,23638,common_vocab,partly (0.833); fully (0.727); completely (0.698); support (0.634); would (0.628); acknowledgment_work (0.616); totally (0.615); part (0.608); partial (0.607); acknowledgement_work (0.597); acknowledgment (0.586); also (0.564); and/or (0.563); work (0.558); strongly (0.549); highly (0.547); acknowledgement (0.547); structure (0.542); entirely (0.542); may (0.540),partly (0.753); fully (0.734); completely (0.671); would (0.627); totally (0.613); partial (0.586); support (0.583); might (0.569); also (0.557); primarily (0.557); remain (0.551); portion (0.545); entirely (0.545); could (0.540); structure (0.538); possibly (0.538); mostly (0.537); form (0.536); acknowledgment_work (0.529); fact (0.529)
particulate,short_fiber_composite,compared,True,True,7820,5111,common_vocab,particle (0.593); reinforcement (0.541); particulates (0.540); micron_sized (0.537); wear_debris (0.526); microparticulate (0.523); porous (0.523); atomize (0.519); particulate_debris (0.515); nanoparticulate (0.514); reinforce (0.514); reinforcing (0.508); debris (0.505); submicron (0.503); nano-_micro (0.498); a356_aluminum (0.495); nano_sized (0.490); phagocytose (0.488); murine_macrophage (0.486); matrix (0.484),particle (0.633); nano_sized (0.629); micron_sized (0.624); reinforcement (0.619); reinforce (0.619); microparticulate (0.592); submicron_sized (0.588); nanoparticulate (0.586); nano-_micro (0.577); microparticle (0.567); nanosized (0.562); submicron (0.559); particulate_matter (0.557); agglomerate (0.548); agglomerated (0.547); particles (0.547); reinforcing (0.543); nanometric (0.542); dispersed (0.540); polymeric (0.539)
photonic_crystal,structural_color_composite,compared,True,True,3294,2104,common_vocab,photonic (0.872); photonic_bandgap (0.793); waveguide (0.754); metamaterial (0.701); subwavelength (0.699); metallodielectric (0.696); nanophotonic (0.675); waveguiding (0.675); phcs (0.669); hyperbolic_metamaterial (0.654); spontaneous_emission (0.653); superlense (0.650); ultracompact (0.642); bragg_reflector (0.640); inverse_opal (0.638); omnidirectional (0.637); microcavity (0.635); phononic_crystal (0.633); plasmonic (0.631); phc_slab (0.631),photonic (0.798); photonic_bandgap (0.741); waveguide (0.724); nanophotonic_waveguide (0.690); nanocavity (0.682); plasmonic_metamaterial (0.679); nanocavitie (0.678); plasmonic_waveguide (0.676); subwavelength (0.672); metasurface (0.667); ring_resonator (0.664); nanophotonic (0.662); plasmonic_metasurface (0.658); microcavity (0.658); bragg_reflector (0.655); microcavitie (0.655); opt_express (0.651); whisper_gallery (0.650); fano_resonance (0.636); fabry_perot (0.635)
pigment,structural_color_composite,compared,True,True,3872,5082,common_vocab,colorant (0.696); pigments (0.661); colourant (0.626); pigment_opacifier (0.619); titanium_dioxide (0.618); cosmetic (0.589); opacifier (0.589); initiator_stabilizer (0.581); paint (0.574); camphorquinone (0.573); coloration (0.571); sunscreen (0.568); pigmentary (0.554); translucent (0.545); colored (0.545); colour (0.544); fd&c (0.543); pigmentation (0.535); colorless (0.534); methacrylate (0.532),colorant (0.783); pigments (0.656); opacifier (0.653); pigmentation (0.648); coloring (0.638); pigment_opacifier (0.636); shade (0.596); paint (0.592); camphorquinone (0.578); coloration (0.575); colouring (0.572); discoloration (0.570); titanium_dioxide (0.569); color (0.567); filler (0.564); stabilizer_pigment (0.560); pigmented (0.558); organic (0.558); colourant (0.557); discolor (0.554)
ratio,zirconia,compared,True,True,193368,190935,common_vocab,proportion (0.730); respectively (0.715); amount (0.707); mix (0.704); percentage (0.688); addition (0.676); increase (0.671); mixture (0.671); value (0.670); table (0.660); weight (0.659); decrease (0.656); content (0.654); percent (0.643); powder (0.640); great (0.639); except (0.638); equal (0.633); significantly (0.632); relative (0.632),respectively (0.702); proportion (0.694); percentage (0.692); ration (0.687); amount (0.686); mix (0.682); relative (0.675); mixture (0.663); addition (0.661); content (0.658); value (0.655); i.e. (0.650); 1:1 (0.650); vary (0.642); molar_ratio (0.641); weight (0.641); concentration (0.633); table (0.628); high (0.627); equal (0.626)
refractive_index,structural_color_composite,compared,True,True,12143,11247,common_vocab,index_refraction (0.846); refraction_index (0.814); refraction (0.701); nsio2 (0.663); extinction_coefficient (0.661); birefringence (0.644); transmittance (0.639); prism_coupler (0.621); ordinary_extraordinary (0.605); abbe_refractometer (0.591); permittivity (0.589); permittivitie (0.588); kerr_nonlinearity (0.584); fresnel_reflection (0.584); fresnel (0.581); sellmeier (0.580); refractometer (0.578); refractive (0.571); reflectance (0.569); reflectivity (0.568),refraction_index (0.820); index_refraction (0.783); refraction (0.711); reflectance (0.679); transmittance (0.670); extinction_coefficient (0.659); reflectivity (0.656); abbe_refractometer (0.621); permittivity (0.616); transmittance_reflectance (0.602); wavelength (0.598); n(λ (0.597); permittivitie (0.597); fresnel_reflection (0.585); refractive (0.572); ordinary_extraordinary (0.566); reflectance_transmittance (0.564); birefringence (0.564); optical (0.559); permittivity_permeability (0.554)
reinforcement,short_fiber_composite,compared,True,True,11400,18064,common_vocab,reinforce (0.899); reinforcing (0.847); fiber_reinforce (0.750); fiber (0.729); fibre_reinforce (0.729); unreinforced (0.682); reinforced (0.666); aramid_fiber (0.655); pre_impregnated (0.654); mechanical (0.639); composites (0.625); strength (0.624); flexural_strength (0.620); aramid (0.619); toughness (0.618); whisker_reinforce (0.617); weave (0.616); matrix (0.613); fiber_reinforced (0.611); glass (0.609),reinforce (0.857); reinforcing (0.834); unreinforced (0.716); fiber_reinforce (0.712); fibre_reinforce (0.681); nanofiller (0.679); cfrp (0.652); reinforce_epoxy (0.652); toughen (0.640); toughness (0.633); fibre (0.631); reinforced (0.630); matrix (0.630); fiber (0.629); nanoreinforcement (0.625); tensile_strength (0.625); epoxy (0.624); sisal_fiber (0.622); fiber_reinforced (0.620); particulate (0.619)
resin,short_fiber_composite,compared,True,True,176923,125270,common_vocab,composite (0.894); adhesive (0.810); restorative (0.784); material (0.776); base (0.770); dentin (0.769); resin_cement (0.761); bonding (0.748); cure (0.743); light_cure (0.736); dent_mater (0.727); restoration (0.725); lute_cement (0.724); polymerization (0.715); study (0.715); resinous (0.714); luting (0.712); system (0.712); flowable_composite (0.706); effect (0.703),composite (0.892); cad_cam (0.828); adhesive (0.787); resin_cement (0.786); restorative (0.783); restoration (0.766); material (0.764); dent_mater (0.752); ceramic (0.745); luting (0.744); lute (0.738); cad/_cam (0.738); lute_agent (0.738); lute_cement (0.737); dentin (0.736); flowable_composite (0.734); bonding (0.733); acrylic_resin (0.723); bond_strength (0.720); base (0.716)
resistance,short_fiber_composite,compared,True,True,90978,132556,common_vocab,strength (0.665); mechanical (0.656); property (0.650); fracture (0.644); effect (0.631); characteristic (0.631); resistant (0.617); fatigue (0.615); influence (0.610); various (0.608); vitro (0.607); behavior (0.598); material (0.598); performance (0.595); reinforce (0.594); base (0.592); current (0.588); different (0.586); restore (0.584); report (0.581),strength (0.649); mechanical (0.638); resistant (0.636); fracture (0.618); fatigue (0.616); effect (0.612); property (0.606); behavior (0.601); cyclic_fatigue (0.598); retention (0.577); characteristic (0.574); contact (0.574); conventional (0.573); low (0.572); durability (0.571); base (0.570); current (0.570); different (0.567); comparison (0.565); material (0.564)
shade,structural_color_composite,compared,True,True,14183,10583,common_vocab,translucency (0.747); color (0.744); shades (0.705); translucent_shade (0.689); opaque_shade (0.684); vita_shade (0.681); translucent (0.660); shade_a2 (0.659); shade_selection (0.657); shade_tab (0.654); shade_guide (0.651); a3.5 (0.651); illuminant (0.647); color_matching (0.634); darker_shade (0.629); opalescence (0.622); cielab_color (0.620); shade_a3 (0.619); a3_a3.5 (0.617); shade_a3.5 (0.616),color (0.764); translucency (0.692); color_matching (0.683); shade_a2 (0.679); shade_a3 (0.672); vita_classic (0.672); shade_matching (0.665); shaded (0.660); translucent_shade (0.657); translucent (0.643); colored (0.638); a3_a3.5 (0.635); composite (0.633); opaque_shade (0.627); shading (0.626); shade_selection (0.625); shade_tab (0.623); shade_guide (0.622); shade_a3.5 (0.620); coloring (0.619)
shade_matching,structural_color_composite,compared,True,True,775,375,common_vocab,shade_selection (0.843); shade_guide (0.817); color_matching (0.798); colour_matching (0.773); vitapan_classical (0.754); shade_tab (0.740); visual_instrumental (0.732); shade_taking (0.702); illuminant (0.697); vita_classical (0.670); cielab (0.662); lightness_chroma (0.661); vita_shade (0.654); colorimeter (0.644); easyshade (0.638); spectrophotometer_colorimeter (0.634); vita_easyshade (0.623); vita_classic (0.620); paravina (0.620); spectroshade (0.618),shade_selection (0.817); color_matching (0.776); shade_guide (0.748); visual_instrumental (0.711); shade_tab (0.685); vita_classical (0.675); shade (0.665); vita_classic (0.664); vitapan_classical (0.654); cielab (0.632); masking_ability (0.629); spectrophotometer_colorimeter (0.628); vita_shade (0.628); color (0.627); metamerism (0.624); translucency (0.612); visual_assessment (0.610); colour_matching (0.605); whiteness (0.605); visual_judgment (0.592)
short,short_fiber_composite,compared,True,True,86402,80622,common_vocab,long (0.869); shorter (0.634); time (0.616); length (0.605); relatively (0.595); long_term (0.592); strong (0.591); range (0.588); extend (0.587); conventional (0.587); several (0.587); much (0.584); period (0.579); however (0.577); large (0.576); small (0.576); less (0.575); shorten (0.574); characteristic (0.572); latter (0.572),long (0.836); length (0.600); time (0.597); short- (0.583); hand (0.581); extended (0.578); duration (0.576); order (0.574); much (0.571); period (0.568); shorter (0.563); extend (0.557); large (0.553); less (0.549); low (0.548); within (0.547); strong (0.545); long_term (0.544); fiber (0.542); case (0.541)
stabilized,zirconia,compared,True,True,669,676,common_vocab,stabilize (0.651); stabilization (0.647); stabilise (0.556); unstabilized (0.496); stable (0.482); stabilised (0.480); stabilisation (0.479); dispersed (0.463); stabilizer (0.463); reducing (0.446); stabilizing (0.444); loaded (0.443); aqueous (0.439); restrain (0.435); sustain (0.433); prolonged (0.430); shut (0.427); composing (0.425); prolong (0.423); disperse (0.422),stabilization (0.673); stabilize (0.655); stabilise (0.582); stable (0.562); stabilizing (0.504); stabilisation (0.498); stabilizer (0.490); highly_efficient (0.472); destabilize (0.471); unstable (0.468); enhanced (0.467); aqueous (0.464); durable (0.457); robust (0.454); formed (0.450); destabilization (0.448); bifunctional (0.448); dispersed (0.445); efficient (0.443); instable (0.439)
strength,zirconia,compared,True,True,177099,193320,common_vocab,mechanical (0.768); flexural_strength (0.738); tensile_strength (0.736); property (0.718); bond_strength (0.715); tensile (0.714); fracture_toughness (0.691); fracture (0.686); result (0.681); diametral_tensile (0.672); durability (0.669); bonding (0.667); flexural (0.666); material (0.665); resistance (0.665); bond (0.664); different (0.663); addition (0.663); compressive_strength (0.662); base (0.661),mechanical (0.761); property (0.733); flexural_strength (0.710); bonding (0.708); durability (0.700); bond_strength (0.696); tensile_strength (0.690); tensile (0.687); elastic_modulus (0.687); mpa (0.685); toughness (0.678); fracture_toughness (0.673); shear (0.668); bond (0.660); material (0.658); modulus_elasticity (0.655); influence (0.653); fracture (0.652); resistance (0.649); application (0.649)
structural,structural_color_composite,compared,True,True,115439,130066,common_vocab,structure (0.713); microstructural (0.640); struc_tural (0.622); physical (0.613); property (0.612); characteristic (0.605); mechanical (0.601); aspect (0.592); investigation (0.592); compositional (0.592); key (0.585); characterization (0.584); behavior (0.574); morphological (0.570); related (0.568); stability (0.565); detailed (0.565); tural (0.560); crystalline (0.558); properties (0.552),structure (0.742); struc_tural (0.664); morphological (0.664); characteristic (0.647); property (0.639); mechanical (0.637); compositional (0.633); physical (0.628); characterization (0.614); behavior (0.591); stability (0.579); microstructural (0.579); structurally (0.577); investigation (0.572); unique (0.572); chemical (0.571); composition (0.570); detailed (0.568); feature (0.568); various (0.560)
tetragonal,zirconia,compared,True,True,17410,9220,common_vocab,orthorhombic (0.867); monoclinic (0.812); cubic_tetragonal (0.795); cubic (0.749); tetragonal_orthorhombic (0.736); tetragonal_i4 (0.727); rhombohedral (0.722); i4_mmm (0.722); pseudocubic (0.720); tetragonal_distortion (0.718); orthorhombic_distortion (0.712); orthorhombic_tetragonal (0.711); orthorhombic_monoclinic (0.701); monoclinic_distortion (0.681); pseudo_cubic (0.680); p4_mmm (0.676); tetragonally (0.670); monoclinic_c2 (0.668); tetragonal_p4 (0.667); tetragonal_cubic (0.665),orthorhombic (0.849); monoclinic (0.835); cubic (0.805); cubic_tetragonal (0.804); rhombohedral (0.781); tetragonal_cubic (0.747); tetragonal_orthorhombic (0.745); trigonal (0.710); orthorhombic_tetragonal (0.705); pnma (0.697); tetragonal_i4 (0.697); tetragonality (0.682); orthorhombic_pnma (0.677); rhombohedral_r3 (0.675); rhombohedral_distortion (0.675); orthorhombic_distortion (0.674); triclinic (0.672); p42_nmc (0.672); monoclinic_p21 (0.667); rhombohedral_orthorhombic (0.666)
toughening_mechanism,short_fiber_composite,compared,True,True,839,1048,common_vocab,toughen_mechanism (0.880); toughening (0.873); crack_bridging (0.832); crack_deflection (0.820); toughen (0.802); extrinsic_toughening (0.747); microcracking (0.733); crack_wake (0.730); uncracked_ligament (0.724); toughness (0.714); crack_blunting (0.710); crack_propagation (0.696); strengthening_toughening (0.689); microcracke (0.662); crack_propagate (0.650); microcrack (0.641); fracture_toughness (0.632); r_-curve (0.630); ahead_crack (0.629); tortuous_crack (0.618),toughen_mechanism (0.884); toughening (0.874); crack_deflection (0.845); crack_bridging (0.819); extrinsic_toughening (0.796); toughen (0.789); crack_propagation (0.760); crack_propagate (0.703); toughness (0.698); microcracking (0.692); fracture_toughness (0.682); microcracke (0.664); microcrack (0.656); crack_blunting (0.653); uncracked_ligament (0.649); tortuous_crack (0.646); crack_tip (0.644); crack_wake (0.634); crack_initiation (0.622); micromechanism (0.622)
transformation,zirconia,compared,True,True,54384,49547,common_vocab,phase (0.680); transform (0.669); martensitic_transformation (0.646); precipitation (0.617); martensite (0.593); diffusionless (0.593); b19′_martensite (0.592); austenite (0.589); austenite_martensite (0.581); tetragonal_monoclinic (0.576); heating (0.574); α→β (0.560); decomposition (0.559); temperature (0.558); isothermal (0.556); austenitic (0.556); plasticity_trip (0.555); austenite_ferrite (0.555); crystal (0.552); transformations (0.552),martensitic_transformation (0.692); phase (0.685); diffusionless_transformation (0.666); transform (0.649); diffusionless (0.639); martensitic (0.636); thermoelastic_martensitic (0.635); austenite_martensite (0.622); martensite (0.596); crystallization (0.595); crystalline (0.587); β→α (0.587); allotropic_transformation (0.584); t→m (0.580); tetragonal_monoclinic (0.578); tetragonal (0.574); bainitic_transformation (0.569); martensite_variant (0.569); twinning (0.567); orthorhombic_α′′ (0.562)
translucency,zirconia;structural_color_composite,compared,True,True,4580,9075,common_vocab,shade (0.747); opalescence (0.745); translucency_opalescence (0.736); translucent (0.732); opaque_shade (0.726); color (0.725); opacity (0.709); highly_translucent (0.662); translucence (0.659); monolithic_zirconia (0.658); esthetic_restorative (0.657); layering_technique (0.649); esthetic (0.640); gloss (0.639); color_matching (0.632); translucency_opacity (0.632); illuminant (0.631); masking_ability (0.619); cielab_color (0.618); translucent_shade (0.613),masking_ability (0.767); translucency_opalescence (0.750); translucent_zirconia (0.744); highly_translucent (0.730); color (0.716); opacity (0.716); translucent (0.703); shade (0.692); monolithic_zirconia (0.684); opalescence (0.680); biaxial_flexural (0.659); zirconia (0.658); lithium_disilicate (0.656); ceramic (0.655); 3y_tzp (0.646); color_matching (0.643); yttria (0.642); translucent_tzp (0.629); translucence (0.624); esthetic (0.623)
transmittance,zirconia,compared,True,True,7617,9008,common_vocab,reflectance (0.755); transmittance_reflectance (0.713); reflectance_transmittance (0.696); transmission (0.694); transparency (0.669); refractive_index (0.639); wavelength (0.618); optical (0.616); diffuse_reflectance (0.616); transparent (0.614); spectral (0.612); translucency (0.604); absorption (0.604); spectral_reflectance (0.603); absorptance (0.599); light (0.590); kubelka_munk (0.588); color (0.587); opacity (0.586); shade (0.585),reflectance (0.740); transparency (0.726); transmittance_reflectance (0.712); transmission (0.679); refractive_index (0.670); t% (0.660); opacity (0.655); wavelength (0.653); reflectivity (0.646); transparent (0.628); optical_transparency (0.624); light (0.619); reflectance_transmittance (0.618); spectral_reflectance (0.615); transmittance_t% (0.613); uv_visible (0.609); extinction_coefficient (0.605); haze (0.605); absorption (0.604); opaque (0.599)
yttria,zirconia,compared,True,True,774,1697,common_vocab,tetragonal_zirconia (0.719); yttria_stabilize (0.709); mol%_yttria (0.693); 3y_tzp (0.683); stabilize_tetragonal (0.656); y2o3 (0.651); yttrium (0.639); yttria_stabilise (0.631); tetragonal_monoclinic (0.626); mol%_y2o3 (0.626); stabilize_zirconia (0.624); mol.%_yttria (0.615); 12ce_tzp (0.608); zro2 (0.604); ceria_stabilize (0.604); yttrium_stabilize (0.603); tzp_ceramic (0.602); stabilized_zirconia (0.602); ceria (0.599); zro (0.599),mol%_yttria (0.828); tetragonal_zirconia (0.797); 3y_tzp (0.792); stabilize_zirconia (0.791); yttria_stabilize (0.786); psz (0.775); stabilize_tetragonal (0.764); zirconia (0.735); 3ysz (0.732); y2o3 (0.729); polycrystal_tzp (0.714); highly_translucent (0.712); tzp (0.707); zirconia_polycrystal (0.703); 5y (0.698); yttria_partially (0.695); yttrium (0.693); translucent_zirconia (0.686); tzp_ceramic (0.686); mol%_y2o3 (0.684)
