period	rank	token	count
pre2018	1	test	93
pre2018	2	dental	76
pre2018	3	magnet	75
pre2018	4	ocp	74
pre2018	5	alloy	71
pre2018	6	fig	69
pre2018	7	j	64
pre2018	8	h.	64
pre2018	9	t.	59
pre2018	10	nd2fe14b	58
pre2018	11	smco5_magnet	56
pre2018	12	solution	55
pre2018	13	property	53
pre2018	14	fatigue	52
pre2018	15	use	51
pre2018	16	tensile	50
pre2018	17	ni	47
pre2018	18	show	47
pre2018	19	material	47
pre2018	20	load	46
pre2018	21	phosphate	46
pre2018	22	titanium	46
pre2018	23	transformation	42
pre2018	24	cementation	41
pre2018	25	force	40
pre2018	26	change	40
pre2018	27	day	39
pre2018	28	ti	39
pre2018	29	casting	38
pre2018	30	nacl	37
pre2018	31	result	37
pre2018	32	immersion	37
pre2018	33	stress	36
pre2018	34	japan	35
pre2018	35	corrosion	35
pre2018	36	lactic	34
pre2018	37	week	33
pre2018	38	release	33
pre2018	39	mouse	32
pre2018	40	temperature	32
pre2018	41	cement	31
pre2018	42	study	31
pre2018	43	time	31
pre2018	44	decrease	31
pre2018	45	corrosive	31
pre2018	46	leakage	29
pre2018	47	method	29
pre2018	48	apply	29
pre2018	49	amount	29
pre2018	50	specimen	29
pre2018	51	strength	29
pre2018	52	acid	28
pre2018	53	marginal	28
pre2018	54	mm	27
pre2018	55	japanese	27
pre2018	56	without	27
pre2018	57	weight	27
pre2018	58	cyclic	27
pre2018	59	tokyo	26
pre2018	60	magnetic	26
pre2018	61	attractive	26
pre2018	62	low	25
pre2018	63	strain	25
pre2018	64	k.	25
pre2018	65	soak	24
pre2018	66	surface	24
pre2018	67	small	24
pre2018	68	restoration	24
pre2018	69	sbf	23
pre2018	70	fracture	23
pre2018	71	shape	23
pre2018	72	new	23
pre2018	73	calcium	23
pre2018	74	screw	22
pre2018	75	effect	22
pre2018	76	phase	22
pre2018	77	artificial	22
pre2018	78	table	22
pre2018	79	saliva	21
pre2018	80	also	21
pre2018	81	m.	21
pre2018	82	ion	21
pre2018	83	measurement	21
pre2018	84	hcl	21
pre2018	85	crack	21
pre2018	86	s.	21
pre2018	87	implantation	21
pre2018	88	thermocycle	21
pre2018	89	seal	21
pre2018	90	haver	21
pre2018	91	dent	20
pre2018	92	carbonate	20
pre2018	93	speciman	20
pre2018	94	piece	20
pre2018	95	hamanaka	20
pre2018	96	large	20
pre2018	97	element	20
pre2018	98	stainless	19
pre2018	99	steel	19
pre2018	100	composition	19
pre2018	101	mechanical	19
pre2018	102	content	19
pre2018	103	prepare	19
pre2018	104	observe	19
pre2018	105	analysis	19
pre2018	106	increase	19
pre2018	107	purity	18
pre2018	108	nf	18
pre2018	109	testing	18
pre2018	110	nc	17
pre2018	111	however	17
pre2018	112	rare	17
pre2018	113	apatite	17
pre2018	114	number	17
pre2018	115	octacalcium	17
pre2018	116	earth	17
pre2018	117	zinc	16
pre2018	118	femur	16
pre2018	119	curve	16
pre2018	120	p	16
pre2018	121	memory	16
pre2018	122	super	15
pre2018	123	's	15
pre2018	124	initial	15
pre2018	125	i.	15
pre2018	126	application	15
pre2018	127	y.	15
pre2018	128	res	15
pre2018	129	respectively	15
pre2018	130	zp	15
pre2018	131	line	15
pre2018	132	ray	15
pre2018	133	x	15
pre2018	134	waveform	14
pre2018	135	datum	14
pre2018	136	high	14
pre2018	137	vitro	14
pre2018	138	bone	14
pre2018	139	report	14
pre2018	140	tracer	14
pre2018	141	orthodontic	13
pre2018	142	occur	13
pre2018	143	estimate	13
pre2018	144	tooth	13
pre2018	145	applied	13
pre2018	146	cause	13
pre2018	147	sm	13
pre2018	148	difference	13
pre2018	149	influence	13
pre2018	150	oral	13
pre2018	151	different	13
pre2018	152	type	13
pre2018	153	infrared	13
pre2018	154	co	13
pre2018	155	polarization	13
pre2018	156	smco5	13
pre2018	157	although	13
pre2018	158	ca	12
pre2018	159	reduction	12
pre2018	160	f.	12
pre2018	161	around	12
pre2018	162	obtain	12
pre2018	163	point	12
pre2018	164	product	12
pre2018	165	n	12
pre2018	166	tissue	12
pre2018	167	water	12
pre2018	168	behavior	12
pre2018	169	technique	12
pre2018	170	okuno	12
pre2018	171	medical	11
pre2018	172	n.	11
pre2018	173	doi	11
pre2018	174	system	11
pre2018	175	k	11
pre2018	176	thermal	11
pre2018	177	detect	11
pre2018	178	dent_mater	11
pre2018	179	residual	11
pre2018	180	seem	11
pre2018	181	maximum	11
pre2018	182	form	11
pre2018	183	final	11
pre2018	184	could	11
pre2018	185	body	11
pre2018	186	o.	11
pre2018	187	g	11
pre2018	188	takahashi	11
pre2018	189	spectra	11
pre2018	190	part	11
pre2018	191	measure	11
pre2018	192	diameter	11
pre2018	193	formation	11
pre2018	194	a.	10
pre2018	195	j.	10
pre2018	196	cm2	10
pre2018	197	might	10
pre2018	198	anodic	10
pre2018	199	triangle	10
pre2018	200	condition	10
pre2018	201	concentration	10
pre2018	202	significant	10
pre2018	203	yoneyama	10
pre2018	204	diffraction	10
pre2018	205	b	10
pre2018	206	mean	10
pre2018	207	transform	10
pre2018	208	hole	10
pre2018	209	attachment	10
pre2018	210	mg	10
pre2018	211	elongation	10
pre2018	212	proof	10
pre2018	213	orthod	10
pre2018	214	band	10
pre2018	215	elastic	10
pre2018	216	apparent	10
pre2018	217	preparation	10
pre2018	218	crystal	10
pre2018	219	materials	10
pre2018	220	nakano	10
pre2018	221	ku	9
pre2018	222	soc	9
pre2018	223	glass	9
pre2018	224	assessment	9
pre2018	225	=	9
pre2018	226	maintain	9
pre2018	227	amalgam	9
pre2018	228	even	9
pre2018	229	grade	9
pre2018	230	since	9
pre2018	231	restorative	9
pre2018	232	+	9
pre2018	233	ni-49.2ti	9
pre2018	234	investigate	9
pre2018	235	et	9
pre2018	236	af	9
pre2018	237	value	8
pre2018	238	contain	8
pre2018	239	dissolve	8
pre2018	240	ceramic	8
pre2018	241	hydroxyapatite	8
pre2018	242	resistance	8
pre2018	243	na	8
pre2018	244	loss	8
pre2018	245	ratio	8
pre2018	246	kitsugi	8
pre2018	247	static	8
pre2018	248	similar	8
pre2018	249	sphere	8
pre2018	250	pp	8
pre2018	251	university	8
pre2018	252	various	8
pre2018	253	rod	8
pre2018	254	calcif	8
pre2018	255	enamel	8
pre2018	256	well	8
pre2018	257	find	8
pre2018	258	limit	7
pre2018	259	every	7
pre2018	260	analyze	7
pre2018	261	therefore	7
pre2018	262	ban	7
pre2018	263	hasegawa	7
pre2018	264	lute	7
pre2018	265	consider	7
pre2018	266	reaction	7
pre2018	267	dentistry	7
pre2018	268	department	7
pre2018	269	kuroda	7
pre2018	270	whereas	7
pre2018	271	typical	7
pre2018	272	pattern	7
pre2018	273	fluid	7
pre2018	274	zoe	7
pre2018	275	completely	7
pre2018	276	implant	7
pre2018	277	plate	7
pre2018	278	e.g.	7
pre2018	279	vivo	7
pre2018	280	microleakage	7
pre2018	281	elasticity	7
pre2018	282	niti	7
pre2018	283	wire	7
pre2018	284	magnets	7
pre2018	285	ssu	7
pre2018	286	int	7
pre2018	287	laser	7
pre2018	288	appliance	7
pre2018	289	sealing	7
pre2018	290	circulate	7
pre2018	291	metals	7
pre2018	292	rate	7
pre2018	293	scan	7
pre2018	294	immerse	7
pre2018	295	mineral	7
pre2018	296	cycling	7
pre2018	297	employ	7
pre2018	298	figure	7
pre2018	299	develop	7
pre2018	300	complete	7
pre2018	301	miura	7
pre2018	302	composite	7
pre2018	303	make	7
pre2018	304	cast	7
pre2018	305	due	7
pre2018	306	na2s	7
pre2018	307	magnesium	6
pre2018	308	area	6
pre2018	309	school	6
pre2018	310	human	6
pre2018	311	leak	6
pre2018	312	accept	6
pre2018	313	resin	6
pre2018	314	vardimon	6
pre2018	315	valve	6
pre2018	316	serial	6
pre2018	317	capsule	6
pre2018	318	jinde	6
pre2018	319	research	6
pre2018	320	orthop	6
pre2018	321	dentofac	6
pre2018	322	environment	6
pre2018	323	inlay	6
pre2018	324	put	6
pre2018	325	corp.	6
pre2018	326	$	6
pre2018	327	ionomer	6
pre2018	328	eugenol	6
pre2018	329	machine	6
pre2018	330	period	6
pre2018	331	characteristic	6
pre2018	332	nakamura	6
pre2018	333	nishimura	6
pre2018	334	oxide	6
pre2018	335	acrylic	6
pre2018	336	precipitation	6
pre2018	337	37•ž.	6
pre2018	338	factor	6
pre2018	339	determine	6
pre2018	340	sine	6
pre2018	341	evaluate	6
pre2018	342	tanaka	6
pre2018	343	indicate	6
pre2018	344	brown	6
pre2018	345	demonstrate	6
pre2018	346	detecting	6
pre2018	347	eq	6
pre2018	348	8)	6
pre2018	349	engineering	6
pre2018	350	unload	6
pre2018	351	know	6
pre2018	352	among	6
pre2018	353	journal	5
pre2018	354	field	5
pre2018	355	prosthesis	5
pre2018	356	relatively	5
pre2018	357	crystallinity	5
pre2018	358	within	5
pre2018	359	introduction	5
pre2018	360	37•ž	5
pre2018	361	cv	5
pre2018	362	thickness	5
pre2018	363	potential	5
pre2018	364	procedure	5
pre2018	365	hand	5
pre2018	366	w.e.	5
pre2018	367	ishihata	5
pre2018	368	mizutani	5
pre2018	369	little	5
pre2018	370	close	5
pre2018	371	slight	5
pre2018	372	suggest	5
pre2018	373	discussion	5
pre2018	374	dynamic	5
pre2018	375	brittle	5
pre2018	376	variance	5
pre2018	377	propagate	5
pre2018	378	square	5
pre2018	379	ai	5
pre2018	380	support	5
pre2018	381	addition	5
pre2018	382	compare	5
pre2018	383	edge	5
pre2018	384	mg2	5
pre2018	385	watari	5
pre2018	386	muscle	5
pre2018	387	distilled	5
pre2018	388	diagram	5
pre2018	389	g.	5
pre2018	390	c	5
pre2018	391	edx	5
pre2018	392	dry	5
pre2018	393	ltd.	5
pre2018	394	see	5
pre2018	395	methods	5
pre2018	396	spectrum	5
pre2018	397	po4	5
pre2018	398	relation	5
pre2018	399	cell	5
pre2018	400	restore	5
pre2018	401	formula	5
pre2018	402	ed	5
pre2018	403	development	5
pre2018	404	a.d.	5
pre2018	405	constant	5
pre2018	406	gap	5
pre2018	407	long	5
pre2018	408	monitoring	5
pre2018	409	word	5
pre2018	410	key	5
pre2018	411	characterize	5
pre2018	412	free	5
pre2018	413	select	5
pre2018	414	break	5
pre2018	415	possible	5
pre2018	416	electron	5
pre2018	417	absorption	5
pre2018	418	linear	5
pre2018	419	ha	5
pre2018	420	s-90	5
pre2018	421	october	5
pre2018	422	okazaki	5
pre2018	423	receive	5
pre2018	424	science	5
pre2018	425	present	5
pre2018	426	jpn	5
pre2018	427	arch	5
pre2018	428	martensitic	4
pre2018	429	greenwood	4
pre2018	430	examine	4
pre2018	431	derkson	4
pre2018	432	transactions	4
pre2018	433	49.2at%	4
pre2018	434	holder	4
pre2018	435	nb	4
pre2018	436	ml	4
pre2018	437	expect	4
pre2018	438	weld	4
pre2018	439	spectroscopy	4
pre2018	440	retard	4
pre2018	441	reveal	4
pre2018	442	quantitative	4
pre2018	443	control	4
pre2018	444	substitution	4
pre2018	445	dentin	4
pre2018	446	great	4
pre2018	447	necessary	4
pre2018	448	require	4
pre2018	449	prosthet	4
pre2018	450	references	4
pre2018	451	na2s.	4
pre2018	452	co.	4
pre2018	453	destroy	4
pre2018	454	reason	4
pre2018	455	remove	4
pre2018	456	protein	4
pre2018	457	left	4
pre2018	458	approximately	4
pre2018	459	l.r.	4
pre2018	460	voss	4
pre2018	461	t.m.	4
pre2018	462	graber	4
pre2018	463	kyoto	4
pre2018	464	nickel	4
pre2018	465	mat	4
pre2018	466	special	4
pre2018	467	introduce	4
pre2018	468	pmma	4
pre2018	469	4g	4
pre2018	470	almost	4
pre2018	471	follow	4
pre2018	472	coefficient	4
pre2018	473	sample	4
pre2018	474	less	4
pre2018	475	thus	4
pre2018	476	short	4
pre2018	477	slightly	4
pre2018	478	2hz	4
pre2018	479	gc	4
pre2018	480	minimum	4
pre2018	481	embed	4
pre2018	482	paper	4
pre2018	483	weigh	4
pre2018	484	electrode	4
pre2018	485	argon	4
pre2018	486	start	4
pre2018	487	observation	4
pre2018	488	cross	4
pre2018	489	terminal	4
pre2018	490	directly	4
pre2018	491	20ml	4
pre2018	492	fill	4
pre2018	493	vial	4
pre2018	494	acetone	4
pre2018	495	keep	4
pre2018	496	pure	4
pre2018	497	chemical	4
pre2018	498	press	4
pre2018	499	loading	4
pre2018	500	society	4
pre2018	501	fe	4
pre2018	502	energy	4
pre2018	503	hitachi	4
pre2018	504	1hz	4
pre2018	505	harashima	4
pre2018	506	sealability	4
pre2018	507	describe	4
pre2018	508	tsutsui	4
pre2018	509	corrode	4
pre2018	510	easy	4
pre2018	511	experiment	4
pre2018	512	term	4
pre2018	513	post	4
pre2018	514	initiate	4
pre2018	515	solenoid	4
pre2018	516	clamp	4
pre2018	517	base	4
pre2018	518	durability	4
pre2018	519	hirasawa	4
pre2018	520	uzawa	4
pre2018	521	ni-49.0ti	4
pre2018	522	refer	4
pre2018	523	hereafter	4
pre2018	524	would	4
pre2018	525	dcpd	4
pre2018	526	include	4
pre2018	527	kimura	4
pre2018	528	ms	4
pre2018	529	ingot	4
pre2018	530	institute	4
pre2018	531	july	4
pre2018	532	deformation	4
pre2018	533	impurity	4
pre2018	534	sponge	4
pre2018	535	difficult	4
pre2018	536	sem	4
pre2018	537	right	4
pre2018	538	ti合	3
pre2018	539	furuta	3
pre2018	540	reverse	3
pre2018	541	statistical	3
pre2018	542	suzuki	3
pre2018	543	purpose	3
pre2018	544	310k.	3
pre2018	545	figs	3
pre2018	546	process	3
pre2018	547	congress	3
pre2018	548	spectrometer	3
pre2018	549	monitor	3
pre2018	550	rhodamine	3
pre2018	551	cavity	3
pre2018	552	superior	3
pre2018	553	capability	3
pre2018	554	extent	3
pre2018	555	important	3
pre2018	556	empirical	3
pre2018	557	failure	3
pre2018	558	international	3
pre2018	559	rubber	3
pre2018	560	silicone	3
pre2018	561	plastic	3
pre2018	562	improvement	3
pre2018	563	biomaterials	3
pre2018	564	physiological	3
pre2018	565	surgery	3
pre2018	566	60•ž	3
pre2018	567	suspension	3
pre2018	568	microscopy	3
pre2018	569	medium	3
pre2018	570	pouch	3
pre2018	571	furthermore	3
pre2018	572	scanning	3
pre2018	573	gelatin	3
pre2018	574	diffractometry	3
pre2018	575	simulated	3
pre2018	576	evaluation	3
pre2018	577	partition	3
pre2018	578	tsurumi	3
pre2018	579	previous	3
pre2018	580	many	3
pre2018	581	apparatus	3
pre2018	582	core	3
pre2018	583	photoelastic	3
pre2018	584	act	3
pre2018	585	investigation	3
pre2018	586	detection	3
pre2018	587	frequency	3
pre2018	588	e.	3
pre2018	589	micrographs	3
pre2018	590	ii	3
pre2018	591	expansion	3
pre2018	592	kinouchi	3
pre2018	593	iii	3
pre2018	594	stability	3
pre2018	595	weak	3
pre2018	596	may	3
pre2018	597	rupture	3
pre2018	598	express	3
pre2018	599	nd	3
pre2018	600	nakajima	3
pre2018	601	speed	3
pre2018	602	luting	3
pre2018	603	usual	3
pre2018	604	way	3
pre2018	605	nfs	3
pre2018	606	ncs	3
pre2018	607	regard	3
pre2018	608	range	3
pre2018	609	sectional	3
pre2018	610	conventional	3
pre2018	611	significantly	3
pre2018	612	either	3
pre2018	613	equipment	3
pre2018	614	cleaning	3
pre2018	615	ultrasonic	3
pre2018	616	cylinder	3
pre2018	617	affect	3
pre2018	618	micro	3
pre2018	619	bath	3
pre2018	620	fractured	3
pre2018	621	mount	3
pre2018	622	unit	3
pre2018	623	h.j.	3
pre2018	624	clinical	3
pre2018	625	inorganic	3
pre2018	626	nearly	3
pre2018	627	amide	3
pre2018	628	group	3
pre2018	629	ca2	3
pre2018	630	like	3
pre2018	631	particle	3
pre2018	632	position	3
pre2018	633	give	3
pre2018	634	37•}0.5•ž	3
pre2018	635	kind	3
pre2018	636	model	3
pre2018	637	average	3
pre2018	638	plasma	3
pre2018	639	actual	3
pre2018	640	record	3
pre2018	641	carry	3
pre2018	642	reference	3
pre2018	643	torsional	3
pre2018	644	design	3
pre2018	645	repeat	3
pre2018	646	culture	3
pre2018	647	education	3
pre2018	648	ministry	3
pre2018	649	scientific	3
pre2018	650	aid	3
pre2018	651	grant	3
pre2018	652	hermetically	3
pre2018	653	strongly	3
pre2018	654	action	3
pre2018	655	several	3
pre2018	656	metal	3
pre2018	657	conclusion	3
pre2018	658	prosthodont	3
pre2018	659	ferromagnetic	3
pre2018	660	retention	3
pre2018	661	lose	3
pre2018	662	become	3
pre2018	663	welding	3
pre2018	664	joint	3
pre2018	665	considerable	3
pre2018	666	acid•	3
pre2018	667	easily	3
pre2018	668	detectable	3
pre2018	669	tap	3
pre2018	670	remain	3
pre2018	671	preliminary	3
pre2018	672	legeros	3
pre2018	673	j.p.	3
pre2018	674	s.l.	3
pre2018	675	biophys	3
pre2018	676	biochem	3
pre2018	677	take	3
pre2018	678	recover	3
pre2018	679	nevertheless	3
pre2018	680	somewhat	3
pre2018	681	deficient	3
pre2018	682	comparison	3
pre2018	683	clear	3
pre2018	684	bioactive	3
pre2018	685	calculate	3
pre2018	686	characterization	3
pre2018	687	atmosphere	3
pre2018	688	electrical	3
pre2018	689	co32-	3
pre2018	690	dsc	3
pre2018	691	differential	3
pre2018	692	castings	3
pre2018	693	s-95	3
pre2018	694	cool	3
pre2018	695	cn	3
pre2018	696	induce	3
pre2018	697	growth	3
pre2018	698	problem	3
pre2018	699	chiyoda	3
pre2018	700	metallurgy	3
pre2018	701	division	3
pre2018	702	melt	3
pre2018	703	sensitive	3
pre2018	704	heat	2
pre2018	705	arc	2
pre2018	706	aim	2
pre2018	707	bend	2
pre2018	708	useful	2
pre2018	709	removable	2
pre2018	710	intermaxillary	2
pre2018	711	penile	2
pre2018	712	surugadai	2
pre2018	713	kanda	2
pre2018	714	yushima	2
pre2018	715	takayuki	2
pre2018	716	hitoshi	2
pre2018	717	think	2
pre2018	718	convert	2
pre2018	719	dihydrate	2
pre2018	720	dicalcium	2
pre2018	721	ph	2
pre2018	722	normal	2
pre2018	723	biological	2
pre2018	724	precursor	2
pre2018	725	presume	2
pre2018	726	crystalline	2
pre2018	727	pathological	2
pre2018	728	univ	2
pre2018	729	gakuin	2
pre2018	730	aichi	2
pre2018	731	ア	2
pre2018	732	surg	2
pre2018	733	rehabil	2
pre2018	734	l.d.	2
pre2018	735	silver	2
pre2018	736	powder	2
pre2018	737	identify	2
pre2018	738	dried	2
pre2018	739	precipitate	2
pre2018	740	caco3	2
pre2018	741	dispersive	2
pre2018	742	synthesize	2
pre2018	743	thigh	2
pre2018	744	sometimes	2
pre2018	745	co3	2
pre2018	746	ir	2
pre2018	747	apatic	2
pre2018	748	microscopic	2
pre2018	749	ddy	2
pre2018	750	8hr	2
pre2018	751	binder	2
pre2018	752	al.18	2
pre2018	753	electrochemical	2
pre2018	754	al.16	2
pre2018	755	construct	2
pre2018	756	yokohama	2
pre2018	757	し	2
pre2018	758	試	2
pre2018	759	ス	2
pre2018	760	b.n.	2
pre2018	761	bachara	2
pre2018	762	r.z.	2
pre2018	763	l.c.	2
pre2018	764	chow	2
pre2018	765	c.	2
pre2018	766	j.r.	2
pre2018	767	represent	2
pre2018	768	biomed	2
pre2018	769	yamamuro	2
pre2018	770	sakka	2
pre2018	771	kokubo	2
pre2018	772	spontaneous	2
pre2018	773	simon	2
pre2018	774	o.r.	2
pre2018	775	trautz	2
pre2018	776	fast	2
pre2018	777	achieve	2
pre2018	778	liquid	2
pre2018	779	poor	2
pre2018	780	d.r.	2
pre2018	781	r.a.	2
pre2018	782	d.w.	2
pre2018	783	biol	2
pre2018	784	whitlockite	2
pre2018	785	amorphous	2
pre2018	786	incorporation	2
pre2018	787	gas	2
pre2018	788	dissolution	2
pre2018	789	greatly	2
pre2018	790	cr	2
pre2018	791	hundred	2
pre2018	792	average•}s	2
pre2018	793	half	2
pre2018	794	gradually	2
pre2018	795	depict	2
pre2018	796	yoke	2
pre2018	797	blechman	2
pre2018	798	retainer	2
pre2018	799	fundamental	2
pre2018	800	ceram	2
pre2018	801	fl	2
pre2018	802	raton	2
pre2018	803	boca	2
pre2018	804	crc	2
pre2018	805	f.c.m.	2
pre2018	806	driessens	2
pre2018	807	.d.	2
pre2018	808	drill	2
pre2018	809	transparent	2
pre2018	810	showa	2
pre2018	811	fumio	2
pre2018	812	また	2
pre2018	813	nacl溶	2
pre2018	814	bull	2
pre2018	815	aqueous	2
pre2018	816	na2sƒ¢	2
pre2018	817	hcl•ž	2
pre2018	818	nacl•œ	2
pre2018	819	solutions.•›	2
pre2018	820	early	2
pre2018	821	quickly	2
pre2018	822	list	2
pre2018	823	live	2
pre2018	824	leave	2
pre2018	825	reach	2
pre2018	826	icp	2
pre2018	827	emission	2
pre2018	828	couple	2
pre2018	829	exchange	2
pre2018	830	instron	2
pre2018	831	elite	2
pre2018	832	especially	2
pre2018	833	structural	2
pre2018	834	must	2
pre2018	835	chew	2
pre2018	836	regardless	2
pre2018	837	improve	2
pre2018	838	electrolytic	2
pre2018	839	basis	2
pre2018	840	prosthetic	2
pre2018	841	severe	2
pre2018	842	produce	2
pre2018	843	deposit	2
pre2018	844	mineralization	2
pre2018	845	kani	2
pre2018	846	length	2
pre2018	847	commercial	2
pre2018	848	prosthodontic	2
pre2018	849	overdenture	2
pre2018	850	r.d.	2
pre2018	851	gilling	2
pre2018	852	deep	2
pre2018	853	author	2
pre2018	854	acknowledgement	2
pre2018	855	ordinary	2
pre2018	856	jig	2
pre2018	857	universal	2
pre2018	858	hour	2
pre2018	859	perform	2
pre2018	860	laboratory	2
pre2018	861	l	2
pre2018	862	insert	2
pre2018	863	tapped	2
pre2018	864	cm-1	2
pre2018	865	hopo3	2
pre2018	866	peak	2
pre2018	867	treatment	2
pre2018	868	e.l.	2
pre2018	869	a.m.	2
pre2018	870	40mpa	2
pre2018	871	vary	2
pre2018	872	cl-	2
pre2018	873	na+	2
pre2018	874	jcpds	2
pre2018	875	conclude	2
pre2018	876	needle	2
pre2018	877	surround	2
pre2018	878	organic	2
pre2018	879	cl	2
pre2018	880	0.6mpa	2
pre2018	881	5mpa	2
pre2018	882	immediately	2
pre2018	883	leg	2
pre2018	884	resemble	2
pre2018	885	buffer	2
pre2018	886	reagent	2
pre2018	887	blood	2
pre2018	888	consequently	2
pre2018	889	compressive	2
pre2018	890	favorable	2
pre2018	891	人	2
pre2018	892	℃	2
pre2018	893	こ	2
pre2018	894	石およびsmco5磁	2
pre2018	895	本号掲載論文の和文抄録	2
pre2018	896	hicorex	2
pre2018	897	reduce	2
pre2018	898	strong	2
pre2018	899	hashimoto	2
pre2018	900	okabe	2
pre2018	901	american	2
pre2018	902	handbook	2
pre2018	903	edit	2
pre2018	904	varied	2
pre2018	905	other	2
pre2018	906	anova	2
pre2018	907	summarize	2
pre2018	908	striation	2
pre2018	909	obvious	2
pre2018	910	laterally	2
pre2018	911	min	2
pre2018	912	clean	2
pre2018	913	rinse	2
pre2018	914	•ž	2
pre2018	915	wash	2
pre2018	916	internal	2
pre2018	917	deviation	2
pre2018	918	standard	2
pre2018	919	respect	2
pre2018	920	equation	2
pre2018	921	experimental	2
pre2018	922	example	2
pre2018	923	agree	2
pre2018	924	precrack	2
pre2018	925	tendency	2
pre2018	926	concern	2
pre2018	927	information	2
pre2018	928	blade	2
pre2018	929	possibly	2
pre2018	930	center	2
pre2018	931	usa	2
pre2018	932	mainly	2
pre2018	933	usually	2
pre2018	934	accord	2
pre2018	935	parameter	2
pre2018	936	operandi	2
pre2018	937	modus	2
pre2018	938	foma	2
pre2018	939	orthopedic	2
pre2018	940	functional	2
pre2018	941	versus	2
pre2018	942	visible	2
pre2018	943	width	2
pre2018	944	yamada	2
pre2018	945	closed	2
pre2018	946	therapy	2
pre2018	947	d.	2
pre2018	948	ushita	2
pre2018	949	fix	2
pre2018	950	r.	2
pre2018	951	v.	2
pre2018	952	manner	2
pre2018	953	recognize	2
pre2018	954	biomater	2
pre2018	955	tomitsuka	2
pre2018	956	fixation	2
pre2018	957	miyazaki	2
pre2018	958	otsuka	2
pre2018	959	display	2
pre2018	960	cavosurface	2
pre2018	961	another	2
pre2018	962	chamber	2
pre2018	963	tentative	2
pre2018	964	hysteresis	2
pre2018	965	associate	2
pre2018	966	deterioration	2
pre2018	967	appear	2
pre2018	968	review	2
pre2018	969	periodically	2
pre2018	970	effective	2
pre2018	971	attempt	2
pre2018	972	osaka	2
pre2018	973	diffusion	2
pre2018	974	powis	2
pre2018	975	pressure	2
pre2018	976	mode	2
pre2018	977	symposium	2
pre2018	978	sandwich	2
pre2018	979	confirm	2
pre2018	980	disc	2
pre2018	981	devise	2
pre2018	982	acceptable	2
pre2018	983	size	2
pre2018	984	calorimetry	2
pre2018	985	meeting	2
pre2018	986	hydrolysis	2
pre2018	987	fluoride	2
pre2018	988	accelerate	2
pre2018	989	equilibrium	2
pre2018	990	physiochemical	2
pre2018	991	po43-	2
pre2018	992	judge	2
pre2018	993	conduct	2
pre2018	994	ando	2
pre2018	995	pump	2
pre2018	996	drawing	2
pre2018	997	schematic	2
pre2018	998	side	2
pre2018	999	margin	2
pre2018	1000	kim	2
pre2018	1001	fluorescence	2
pre2018	1002	presence	2
pre2018	1003	1•~10	2
pre2018	1004	heating	2
pre2018	1005	second	2
pre2018	1006	flow	2
pre2018	1007	validity	2
pre2018	1008	overcome	2
pre2018	1009	note	2
pre2018	1010	shimadzu	2
pre2018	1011	-a	2
pre2018	1012	cmax	2
pre2018	1013	ci	2
pre2018	1014	assume	2
pre2018	1015	quantify	2
post2018	1	j	165
post2018	2	lesion	162
post2018	3	dentin	130
post2018	4	use	113
post2018	5	show	112
post2018	6	stress	108
post2018	7	adhesive	107
post2018	8	composite	99
post2018	9	cell	95
post2018	10	material	95
post2018	11	shear	94
post2018	12	study	85
post2018	13	group	84
post2018	14	test	83
post2018	15	resin	80
post2018	16	dental	80
post2018	17	dry	79
post2018	18	surface	77
post2018	19	tooth	77
post2018	20	oct	76
post2018	21	fig	75
post2018	22	light	73
post2018	23	property	69
post2018	24	c3s	68
post2018	25	condition	66
post2018	26	bond	65
post2018	27	dent_mater	63
post2018	28	delay	63
post2018	29	value	63
post2018	30	high	62
post2018	31	si	62
post2018	32	wet	60
post2018	33	bond_strength	60
post2018	34	depth	60
post2018	35	root_carie	57
post2018	36	pulp	55
post2018	37	strength	55
post2018	38	dent	54
post2018	39	b	54
post2018	40	c	53
post2018	41	image	53
post2018	42	h	51
post2018	43	vitro	51
post2018	44	restoration	51
post2018	45	time	49
post2018	46	mechanical	48
post2018	47	mm	46
post2018	48	result	46
post2018	49	increase	46
post2018	50	may	42
post2018	51	c2s	42
post2018	52	base	41
post2018	53	mineral	40
post2018	54	effect	40
post2018	55	37(6	39
post2018	56	interface	38
post2018	57	carie	38
post2018	58	testing	38
post2018	59	different	37
post2018	60	glass	37
post2018	61	alp	37
post2018	62	optical	37
post2018	63	mpa	35
post2018	64	extract	35
post2018	65	tantalum	35
post2018	66	human	35
post2018	67	load	35
post2018	68	p<0.05	34
post2018	69	activation	34
post2018	70	analysis	34
post2018	71	reaction	34
post2018	72	also	33
post2018	73	distribution	33
post2018	74	sample	33
post2018	75	demineralization	33
post2018	76	microhardness	32
post2018	77	cement	32
post2018	78	layer	32
post2018	79	however	32
post2018	80	expression	31
post2018	81	min	31
post2018	82	ta2o5	31
post2018	83	measure	30
post2018	84	specimen	30
post2018	85	crosshead	30
post2018	86	ch	29
post2018	87	cure	29
post2018	88	acid	29
post2018	89	difference	29
post2018	90	boundary	29
post2018	91	area	29
post2018	92	force	28
post2018	93	distance	28
post2018	94	peak	28
post2018	95	tensile	28
post2018	96	tissue	28
post2018	97	cylindrical	28
post2018	98	decrease	27
post2018	99	compare	27
post2018	100	significantly	27
post2018	101	particle	26
post2018	102	low	26
post2018	103	protein	26
post2018	104	formation	25
post2018	105	evaluate	25
post2018	106	filler	25
post2018	107	concentration	25
post2018	108	japan	25
post2018	109	ionomer	25
post2018	110	could	25
post2018	111	control	25
post2018	112	dc	25
post2018	113	body	25
post2018	114	enamel	25
post2018	115	flexural	25
post2018	116	report	24
post2018	117	line	24
post2018	118	present	24
post2018	119	res	24
post2018	120	polymerization	23
post2018	121	usa	23
post2018	122	e	23
post2018	123	differentiation	23
post2018	124	experimental	23
post2018	125	fea	23
post2018	126	matrix	23
post2018	127	ss	23
post2018	128	oxide	23
post2018	129	collagen	23
post2018	130	accord	23
post2018	131	oral	23
post2018	132	hdpc	23
post2018	133	water	22
post2018	134	proliferation	22
post2018	135	restorative	22
post2018	136	gene	22
post2018	137	apply	22
post2018	138	set	22
post2018	139	speciman	22
post2018	140	radiopacity	21
post2018	141	n	21
post2018	142	model	21
post2018	143	l	21
post2018	144	statistical	21
post2018	145	various	21
post2018	146	demineralized	21
post2018	147	due	20
post2018	148	de	20
post2018	149	loss	20
post2018	150	mineralization	20
post2018	151	calcium	20
post2018	152	table	20
post2018	153	coherence	20
post2018	154	mater	20
post2018	155	well	19
post2018	156	influence	19
post2018	157	observe	19
post2018	158	assay	19
post2018	159	month	19
post2018	160	wt%	19
post2018	161	root	19
post2018	162	sem	19
post2018	163	natural	19
post2018	164	tomography	19
post2018	165	ca	19
post2018	166	significant	18
post2018	167	clinical	18
post2018	168	activity	18
post2018	169	µm	18
post2018	170	lap	18
post2018	171	marker	18
post2018	172	’s	18
post2018	173	°	17
post2018	174	molar	17
post2018	175	signal	17
post2018	176	dspp	17
post2018	177	culture	17
post2018	178	scan	17
post2018	179	method	17
post2018	180	improve	17
post2018	181	sound	17
post2018	182	silicate	17
post2018	183	day	17
post2018	184	ml	17
post2018	185	r	17
post2018	186	size	17
post2018	187	metal	17
post2018	188	addition	17
post2018	189	f	16
post2018	190	k	16
post2018	191	modify	16
post2018	192	reduce	16
post2018	193	review	16
post2018	194	clsm	16
post2018	195	would	16
post2018	196	cross	16
post2018	197	system	16
post2018	198	long	16
post2018	199	tmr	16
post2018	200	induce	16
post2018	201	similar	16
post2018	202	w	16
post2018	203	polymer	16
post2018	204	perform	16
post2018	205	across	15
post2018	206	etch	15
post2018	207	lc	15
post2018	208	standard	15
post2018	209	form	15
post2018	210	assessment	15
post2018	211	rmgic	15
post2018	212	air	15
post2018	213	occur	15
post2018	214	without	15
post2018	215	change	15
post2018	216	tokyo	15
post2018	217	x	14
post2018	218	j.	14
post2018	219	monomer	14
post2018	220	zone	14
post2018	221	tricalcium	14
post2018	222	van	14
post2018	223	cervical	14
post2018	224	np	14
post2018	225	micro	14
post2018	226	thus	14
post2018	227	occlusal	14
post2018	228	endod	14
post2018	229	p5	14
post2018	230	shrinkage	14
post2018	231	intensity	14
post2018	232	white	14
post2018	233	fm	14
post2018	234	principal	14
post2018	235	datum	14
post2018	236	p10	14
post2018	237	failure	14
post2018	238	dark	14
post2018	239	organic	13
post2018	240	holder	13
post2018	241	int	13
post2018	242	sm	13
post2018	243	calculate	13
post2018	244	degree	13
post2018	245	button	13
post2018	246	obtain	13
post2018	247	application	13
post2018	248	dem2	13
post2018	249	process	13
post2018	250	dpp	13
post2018	251	bone	13
post2018	252	adhesion	13
post2018	253	density	13
post2018	254	hema	13
post2018	255	storage	13
post2018	256	affect	13
post2018	257	term	13
post2018	258	element	13
post2018	259	non	13
post2018	260	collares	13
post2018	261	self	12
post2018	262	dentistry	12
post2018	263	agent	12
post2018	264	hdpcs	12
post2018	265	direction	12
post2018	266	along	12
post2018	267	cej	12
post2018	268	ii	12
post2018	269	fuji	12
post2018	270	leitune	12
post2018	271	p>0.05	12
post2018	272	powder	12
post2018	273	promote	12
post2018	274	level	12
post2018	275	previous	12
post2018	276	solvent	12
post2018	277	dsp	12
post2018	278	mean	12
post2018	279	point	12
post2018	280	chang	12
post2018	281	phase	12
post2018	282	allow	12
post2018	283	determine	12
post2018	284	bottom	12
post2018	285	cavity	12
post2018	286	cause	11
post2018	287	major	11
post2018	288	comparison	11
post2018	289	samuel	11
post2018	290	restore	11
post2018	291	university	11
post2018	292	ratio	11
post2018	293	figs	11
post2018	294	fix	11
post2018	295	source	11
post2018	296	follow	11
post2018	297	less	11
post2018	298	biomed	11
post2018	299	m.	11
post2018	300	ldtmr	11
post2018	301	reach	11
post2018	302	correlation	11
post2018	303	sectional	11
post2018	304	assess	11
post2018	305	mix	11
post2018	306	observation	11
post2018	307	clear	11
post2018	308	joint	11
post2018	309	range	11
post2018	310	p1	11
post2018	311	maximum	11
post2018	312	respectively	11
post2018	313	unit	11
post2018	314	ion	11
post2018	315	nm	11
post2018	316	factor	11
post2018	317	actin	11
post2018	318	demonstrate	11
post2018	319	degradation	11
post2018	320	plane	11
post2018	321	thickness	11
post2018	322	release	11
post2018	323	g	11
post2018	324	cut	10
post2018	325	initiation	10
post2018	326	research	10
post2018	327	pcr	10
post2018	328	include	10
post2018	329	measurement	10
post2018	330	assembly	10
post2018	331	real	10
post2018	332	uts	10
post2018	333	dem1	10
post2018	334	et	10
post2018	335	fulcrum	10
post2018	336	suggest	10
post2018	337	examine	10
post2018	338	deviation	10
post2018	339	vertical	10
post2018	340	polarization	10
post2018	341	loading	10
post2018	342	add	10
post2018	343	pattern	10
post2018	344	p15	10
post2018	345	plate	10
post2018	346	red	10
post2018	347	stain	10
post2018	348	cap	10
post2018	349	action	10
post2018	350	part	10
post2018	351	position	10
post2018	352	component	10
post2018	353	cl	10
post2018	354	aggregate	9
post2018	355	author	9
post2018	356	diameter	9
post2018	357	tetric	9
post2018	358	mm2	9
post2018	359	odontoblast	9
post2018	360	mta	9
post2018	361	d.	9
post2018	362	865–873	9
post2018	363	remineralization	9
post2018	364	diamond	9
post2018	365	contain	9
post2018	366	number	9
post2018	367	network	9
post2018	368	type	9
post2018	369	880–888	9
post2018	370	short	9
post2018	371	microstructure	9
post2018	372	produce	9
post2018	373	medium	9
post2018	374	give	9
post2018	375	behavior	9
post2018	376	software	9
post2018	377	biocompatibility	9
post2018	378	viability	9
post2018	379	preparation	9
post2018	380	methacrylate	9
post2018	381	early	9
post2018	382	biofilm	9
post2018	383	profile	9
post2018	384	triangle	9
post2018	385	side	9
post2018	386	laser	9
post2018	387	design	9
post2018	388	conversion	9
post2018	389	pashley	9
post2018	390	block	9
post2018	391	confirm	9
post2018	392	alternative	9
post2018	393	store	9
post2018	394	s.	9
post2018	395	tagami	9
post2018	396	horizontal	9
post2018	397	8)	9
post2018	398	place	9
post2018	399	evoceram	8
post2018	400	derive	8
post2018	401	swept	8
post2018	402	blank	8
post2018	403	analyze	8
post2018	404	therefore	8
post2018	405	blot	8
post2018	406	response	8
post2018	407	treatment	8
post2018	408	hv	8
post2018	409	mixture	8
post2018	410	approximately	8
post2018	411	structure	8
post2018	412	dh	8
post2018	413	provide	8
post2018	414	sci	8
post2018	415	enhance	8
post2018	416	vc	8
post2018	417	relative	8
post2018	418	fact	8
post2018	419	explain	8
post2018	420	science	8
post2018	421	nanoparticle	8
post2018	422	inorganic	8
post2018	423	bonding	8
post2018	424	fluoride	8
post2018	425	h.	8
post2018	426	normal	8
post2018	427	baseline	8
post2018	428	porosity	8
post2018	429	specific	8
post2018	430	among	8
post2018	431	edge	8
post2018	432	department	8
post2018	433	porous	8
post2018	434	substrate	8
post2018	435	bright	8
post2018	436	>	8
post2018	437	relate	8
post2018	438	electron	8
post2018	439	distribute	8
post2018	440	critical	8
post2018	441	appl	8
post2018	442	889–896	8
post2018	443	shanghai	8
post2018	444	via	8
post2018	445	locate	8
post2018	446	scale	8
post2018	447	finite	8
post2018	448	select	8
post2018	449	ability	8
post2018	450	homogenously	8
post2018	451	digital	8
post2018	452	manufacturer	8
post2018	453	rate	7
post2018	454	linear	7
post2018	455	jig	7
post2018	456	garcia	7
post2018	457	medicine	7
post2018	458	radiopaque	7
post2018	459	materials	7
post2018	460	entire	7
post2018	461	cp	7
post2018	462	support	7
post2018	463	characterization	7
post2018	464	bio	7
post2018	465	phosphate	7
post2018	466	microscopy	7
post2018	467	make	7
post2018	468	shimada	7
post2018	469	way	7
post2018	470	effects	7
post2018	471	wire	7
post2018	472	sensitive	7
post2018	473	nominal	7
post2018	474	stem	7
post2018	475	897–903	7
post2018	476	beta	7
post2018	477	regulate	7
post2018	478	health	7
post2018	479	limitation	7
post2018	480	order	7
post2018	481	dmem	7
post2018	482	remain	7
post2018	483	progression	7
post2018	484	correlate	7
post2018	485	center	7
post2018	486	ocn	7
post2018	487	trioxide	7
post2018	488	reduction	7
post2018	489	involve	7
post2018	490	expose	7
post2018	491	besides	7
post2018	492	floor	7
post2018	493	examination	7
post2018	494	elastic	7
post2018	495	compressive	7
post2018	496	incubation	7
post2018	497	ld2octdry	7
post2018	498	subject	7
post2018	499	small	7
post2018	500	good	7
post2018	501	conventional	7
post2018	502	within	7
post2018	503	wang	7
post2018	504	biol	7
post2018	505	p	7
post2018	506	microtensile	7
post2018	507	shape	7
post2018	508	pull	7
post2018	509	incubate	7
post2018	510	new	7
post2018	511	appear	7
post2018	512	western	7
post2018	513	col-1	7
post2018	514	laboratory	7
post2018	515	biomater	7
post2018	516	speed	7
post2018	517	chemical	7
post2018	518	bar	7
post2018	519	total	7
post2018	520	device	7
post2018	521	odontogenic	7
post2018	522	demineralize	7
post2018	523	cultured	7
post2018	524	y.	7
post2018	525	indicate	7
post2018	526	biomaterial	7
post2018	527	solution	7
post2018	528	ftir	7
post2018	529	moreover	7
post2018	530	function	7
post2018	531	deformation	6
post2018	532	structural	6
post2018	533	874–879	6
post2018	534	aa	6
post2018	535	magnification	6
post2018	536	n=50	6
post2018	537	composition	6
post2018	538	region	6
post2018	539	gc	6
post2018	540	eng	6
post2018	541	osteogenic	6
post2018	542	quantitative	6
post2018	543	alkaline	6
post2018	544	soften	6
post2018	545	al	6
post2018	546	lee	6
post2018	547	prepare	6
post2018	548	premolar	6
post2018	549	mandibular	6
post2018	550	extracellular	6
post2018	551	mg	6
post2018	552	figure	6
post2018	553	experiment	6
post2018	554	semi	6
post2018	555	hand	6
post2018	556	photo	6
post2018	557	crystal	6
post2018	558	il	6
post2018	559	dej	6
post2018	560	ld1octwet	6
post2018	561	variable	6
post2018	562	ld1octdry	6
post2018	563	film	6
post2018	564	intact	6
post2018	565	commercial	6
post2018	566	consider	6
post2018	567	sumi	6
post2018	568	sadr	6
post2018	569	methods	6
post2018	570	strong	6
post2018	571	dem2dry	6
post2018	572	initial	6
post2018	573	physical	6
post2018	574	contribute	6
post2018	575	letter	6
post2018	576	exposure	6
post2018	577	modulus	6
post2018	578	become	6
post2018	579	free	6
post2018	580	although	6
post2018	581	rather	6
post2018	582	homogeneous	6
post2018	583	available	6
post2018	584	thick	6
post2018	585	a.	6
post2018	586	find	6
post2018	587	rm	6
post2018	588	cover	6
post2018	589	competition	6
post2018	590	hospital	6
post2018	591	compromise	6
post2018	592	average	6
post2018	593	10×5	6
post2018	594	jm	6
post2018	595	evaluation	6
post2018	596	clearly	6
post2018	597	configuration	6
post2018	598	equivalent	6
post2018	599	orthodontic	6
post2018	600	ad	6
post2018	601	propose	6
post2018	602	vital	6
post2018	603	role	6
post2018	604	fried	6
post2018	605	darling	6
post2018	606	acta	6
post2018	607	kim	6
post2018	608	procedure	6
post2018	609	deposit	6
post2018	610	polysalt	6
post2018	611	france	6
post2018	612	extended	6
post2018	613	i.e.	6
post2018	614	nodule	6
post2018	615	mrna	6
post2018	616	label	6
post2018	617	fill	6
post2018	618	resolution	6
post2018	619	ogliari	6
post2018	620	mail	6
post2018	621	cylinder	6
post2018	622	adhes	6
post2018	623	t.	6
post2018	624	rinse	6
post2018	625	bioactivity	6
post2018	626	possess	6
post2018	627	hydroxide	6
post2018	628	create	5
post2018	629	mf	5
post2018	630	direct	5
post2018	631	usually	5
post2018	632	hard	5
post2018	633	u	5
post2018	634	khn2	5
post2018	635	osteoblast	5
post2018	636	liu	5
post2018	637	incorporation	5
post2018	638	closely	5
post2018	639	approximate	5
post2018	640	introduction	5
post2018	641	corner	5
post2018	642	spot	5
post2018	643	characteristic	5
post2018	644	remove	5
post2018	645	start	5
post2018	646	dimensional	5
post2018	647	n.	5
post2018	648	top	5
post2018	649	school	5
post2018	650	technology	5
post2018	651	solid	5
post2018	652	width	5
post2018	653	pixel	5
post2018	654	machine	5
post2018	655	ray	5
post2018	656	ld2octwet	5
post2018	657	vol.%	5
post2018	658	representative	5
post2018	659	dem1dry	5
post2018	660	fibril	5
post2018	661	grip	5
post2018	662	might	5
post2018	663	artificial	5
post2018	664	depend	5
post2018	665	chamber	5
post2018	666	class	5
post2018	667	investigation	5
post2018	668	sensitivity	5
post2018	669	endodontic	5
post2018	670	local	5
post2018	671	correspond	5
post2018	672	purpose	5
post2018	673	ps	5
post2018	674	national	5
post2018	675	visual	5
post2018	676	develop	5
post2018	677	coat	5
post2018	678	per	5
post2018	679	microscope	5
post2018	680	mineralize	5
post2018	681	opt	5
post2018	682	caries	5
post2018	683	development	5
post2018	684	fa	5
post2018	685	transfer	5
post2018	686	dmj/2017	5
post2018	687	jst.jstage	5
post2018	688	performance	5
post2018	689	china	5
post2018	690	zhu	5
post2018	691	cck-8	5
post2018	692	key	5
post2018	693	dmj.2017	5
post2018	694	doi:10.4012	5
post2018	695	dec	5
post2018	696	accepted	5
post2018	697	joi	5
post2018	698	dentine	5
post2018	699	pure	5
post2018	700	mold	5
post2018	701	aim	5
post2018	702	k.	5
post2018	703	gold	5
post2018	704	thin	5
post2018	705	microstructural	5
post2018	706	gel	5
post2018	707	ethanol	5
post2018	708	step	5
post2018	709	period	5
post2018	710	germany	5
post2018	711	room	5
post2018	712	mechanism	5
post2018	713	silicon	5
post2018	714	jl	5
post2018	715	align	5
post2018	716	stage	5
post2018	717	describe	5
post2018	718	steel	5
post2018	719	receive	5
post2018	720	physicochemical	5
post2018	721	stimulate	5
post2018	722	alizarin	5
post2018	723	buffer	5
post2018	724	instruction	5
post2018	725	parameter	5
post2018	726	since	5
post2018	727	minimize	5
post2018	728	tension	5
post2018	729	act	5
post2018	730	zhang	5
post2018	731	carvalho	5
post2018	732	braz	5
post2018	733	marshall	5
post2018	734	reflect	5
post2018	735	cementum	5
post2018	736	synthesis	5
post2018	737	stimulation	5
post2018	738	capping	5
post2018	739	staining	5
post2018	740	compound	5
post2018	741	finally	5
post2018	742	anova	5
post2018	743	embed	5
post2018	744	imaging	5
post2018	745	chain	5
post2018	746	despite	5
post2018	747	b.	5
post2018	748	med	5
post2018	749	avoid	5
post2018	750	view	5
post2018	751	either	5
post2018	752	gibco	5
post2018	753	phosphatase	5
post2018	754	β	5
post2018	755	investigate	5
post2018	756	likely	5
post2018	757	literature	5
post2018	758	macro	5
post2018	759	expect	5
post2018	760	keyword	5
post2018	761	diffraction	5
post2018	762	niobium	5
post2018	763	uniform	5
post2018	764	loop	5
post2018	765	xy	5
post2018	766	furthermore	5
post2018	767	aj	5
post2018	768	corresponding	5
post2018	769	journal	5
post2018	770	khn1	5
post2018	771	height	5
post2018	772	biological	5
post2018	773	scattering	5
post2018	774	μm	5
post2018	775	detect	5
post2018	776	detection	5
post2018	777	carious	5
post2018	778	bacterial	5
post2018	779	takimi	4
post2018	780	immersion	4
post2018	781	lima	4
post2018	782	statistically	4
post2018	783	shimadzu	4
post2018	784	l.	4
post2018	785	cm−1	4
post2018	786	sealer	4
post2018	787	suzuki	4
post2018	788	hh	4
post2018	789	initiate	4
post2018	790	optional	4
post2018	791	g.	4
post2018	792	rr	4
post2018	793	predict	4
post2018	794	interest	4
post2018	795	absorbance	4
post2018	796	oper	4
post2018	797	regulation	4
post2018	798	issue	4
post2018	799	hw	4
post2018	800	ferracane	4
post2018	801	rs	4
post2018	802	dense	4
post2018	803	li	4
post2018	804	significance	4
post2018	805	sputter	4
post2018	806	polyhema	4
post2018	807	mobility	4
post2018	808	means	4
post2018	809	null	4
post2018	810	aluminium	4
post2018	811	phenomenon	4
post2018	812	know	4
post2018	813	close	4
post2018	814	mesenchymal	4
post2018	815	primer	4
post2018	816	signaling	4
post2018	817	concentrate	4
post2018	818	deep	4
post2018	819	near	4
post2018	820	angle	4
post2018	821	situation	4
post2018	822	hold	4
post2018	823	technique	4
post2018	824	relatively	4
post2018	825	yield	4
post2018	826	conclusion	4
post2018	827	activate	4
post2018	828	olympus	4
post2018	829	hydrolytic	4
post2018	830	hardness	4
post2018	831	irradiation	4
post2018	832	site	4
post2018	833	hf	4
post2018	834	corroborate	4
post2018	835	grit	4
post2018	836	=	4
post2018	837	mode	4
post2018	838	fracture	4
post2018	839	disc	4
post2018	840	temperature	4
post2018	841	conduct	4
post2018	842	kit	4
post2018	843	must	4
post2018	844	jr	4
post2018	845	permanent	4
post2018	846	reis	4
post2018	847	sieve	4
post2018	848	junction	4
post2018	849	tubule	4
post2018	850	potential	4
post2018	851	lysis	4
post2018	852	therapy	4
post2018	853	crack	4
post2018	854	encapsulate	4
post2018	855	mastication	4
post2018	856	poisson	4
post2018	857	wall	4
post2018	858	increment	4
post2018	859	discussion	4
post2018	860	dg	4
post2018	861	kv	4
post2018	862	microradiography	4
post2018	863	hydration	4
post2018	864	treat	4
post2018	865	dish	4
post2018	866	color	4
post2018	867	contact	4
post2018	868	aluminate	4
post2018	869	patient	4
post2018	870	section	4
post2018	871	large	4
post2018	872	watanabe	4
post2018	873	single	4
post2018	874	bridge	4
post2018	875	excellent	4
post2018	876	secondary	4
post2018	877	surgery	4
post2018	878	chung	4
post2018	879	external	4
post2018	880	yang	4
post2018	881	fixture	4
post2018	882	ceramics	4
post2018	883	associate	4
post2018	884	dicalcium	4
post2018	885	mount	4
post2018	886	member	4
post2018	887	content	4
post2018	888	rad	4
post2018	889	work	4
post2018	890	biomechanical	4
post2018	891	adapt	4
post2018	892	extraction	4
post2018	893	polish	4
post2018	894	half	4
post2018	895	arch	4
post2018	896	grant	4
post2018	897	structurally	4
post2018	898	poor	4
post2018	899	around	4
post2018	900	±4–8	4
post2018	901	lead	4
post2018	902	dentinal	4
post2018	903	matin	4
post2018	904	vertically	4
post2018	905	turn	4
post2018	906	setting	4
post2018	907	define	4
post2018	908	hydroxyethyl	4
post2018	909	hydroxyapatite	4
post2018	910	nondestructive	4
post2018	911	distinct	4
post2018	912	incorporate	4
post2018	913	previously	4
post2018	914	attach	4
post2018	915	dehydration	4
post2018	916	hypothesis	4
post2018	917	drying	4
post2018	918	possible	4
post2018	919	location	4
post2018	920	integrate	4
post2018	921	i.	4
post2018	922	clin	4
post2018	923	aust	4
post2018	924	implant	4
post2018	925	meerbeek	4
post2018	926	susceptible	4
post2018	927	munck	4
post2018	928	pentoxide	4
post2018	929	agglomerate	4
post2018	930	hot	4
post2018	931	localize	4
post2018	932	knife	4
post2018	933	eur	4
post2018	934	n=5	4
post2018	935	z	4
post2018	936	bioactive	4
post2018	937	formulate	4
post2018	938	seed	4
post2018	939	references	4
post2018	940	je	4
post2018	941	20×	4
post2018	942	general	4
post2018	943	avenue	4
post2018	944	medical	4
post2018	945	formulation	4
post2018	946	titanium	4
post2018	947	capital	3
post2018	948	amount	3
post2018	949	biomimetic	3
post2018	950	arrange	3
post2018	951	br	3
post2018	952	numerous	3
post2018	953	ikeda	3
post2018	954	cluster	3
post2018	955	favor	3
post2018	956	light-	3
post2018	957	continuous	3
post2018	958	polymeric	3
post2018	959	require	3
post2018	960	takara	3
post2018	961	upregulate	3
post2018	962	membrane	3
post2018	963	marrow	3
post2018	964	polymerase	3
post2018	965	beyond	3
post2018	966	softening	3
post2018	967	generally	3
post2018	968	many	3
post2018	969	sano	3
post2018	970	ultimately	3
post2018	971	cj	3
post2018	972	soares	3
post2018	973	tip	3
post2018	974	reason	3
post2018	975	healthy	3
post2018	976	specification	3
post2018	977	iso	3
post2018	978	excite	3
post2018	979	online	3
post2018	980	primary	3
post2018	981	jc	3
post2018	982	grande	3
post2018	983	intraorally	3
post2018	984	margin	3
post2018	985	gic	3
post2018	986	delayed	3
post2018	987	able	3
post2018	988	protocol	3
post2018	989	seem	3
post2018	990	fr	3
post2018	991	case	3
post2018	992	clinically	3
post2018	993	divide	3
post2018	994	morphological	3
post2018	995	huang	3
post2018	996	fail	3
post2018	997	facilitate	3
post2018	998	stretch	3
post2018	999	still	3
post2018	1000	c2	3
post2018	1001	separate	3
post2018	1002	spss	3
post2018	1003	slice	3
post2018	1004	-b	3
post2018	1005	other	3
post2018	1006	away	3
post2018	1007	bergmann	3
post2018	1008	stability	3
post2018	1009	wedge	3
post2018	1010	cm	3
post2018	1011	offset	3
post2018	1012	setup	3
post2018	1013	investigator	3
post2018	1014	whether	3
post2018	1015	effectively	3
post2018	1016	index	3
post2018	1017	refractive	3
post2018	1018	bacteria	3
post2018	1019	see	3
post2018	1020	interval	3
post2018	1021	bur	3
post2018	1022	code	3
post2018	1023	prevent	3
post2018	1024	orientation	3
post2018	1025	grind	3
post2018	1026	dimethacrylate	3
post2018	1027	batch	3
post2018	1028	replicate	3
post2018	1029	distil	3
post2018	1030	hydraulic	3
post2018	1031	diagnosis	3
post2018	1032	main	3
post2018	1033	age	3
post2018	1034	black	3
post2018	1035	scatter	3
post2018	1036	streptococcus	3
post2018	1037	host	3
post2018	1038	dem0	3
post2018	1039	tay	3
post2018	1040	lin	3
post2018	1041	jd	3
post2018	1042	js	3
post2018	1043	edta	3
post2018	1044	martins	3
post2018	1045	stable	3
post2018	1046	ra	3
post2018	1047	superior	3
post2018	1048	xrd	3
post2018	1049	necessary	3
post2018	1050	couple	3
post2018	1051	sep	3
post2018	1052	accurate	3
post2018	1053	alignment	3
post2018	1054	yap	3
post2018	1055	surg	3
post2018	1056	dursun	3
post2018	1057	le	3
post2018	1058	yu	3
post2018	1059	zhou	3
post2018	1060	year	3
post2018	1061	seal	3
post2018	1062	fluid	3
post2018	1063	stomatology	3
post2018	1064	bovine	3
post2018	1065	essential	3
post2018	1066	jiang	3
post2018	1067	breschi	3
post2018	1068	tjaderhane	3
post2018	1069	removal	3
post2018	1070	nakashima	3
post2018	1071	enzyme	3
post2018	1072	ca3sio5	3
post2018	1073	acrylic	3
post2018	1074	engage	3
post2018	1075	upper	3
post2018	1076	consist	3
post2018	1077	ca2sio4	3
post2018	1078	institute	3
post2018	1079	several	3
post2018	1080	lingual	3
post2018	1081	defect	3
post2018	1082	sweep	3
post2018	1083	diffused	3
post2018	1084	cathepsin	3
post2018	1085	dilute	3
post2018	1086	ph	3
post2018	1087	ku	3
post2018	1088	sciences	3
post2018	1089	lloyd	3
post2018	1090	×5,000	3
post2018	1091	sdi	3
post2018	1092	radii	3
post2018	1093	applied	3
post2018	1094	strain	3
post2018	1095	need	3
post2018	1096	pd	3
post2018	1097	compose	3
post2018	1098	mutan	3
post2018	1099	confocal	3
post2018	1100	current	3
post2018	1101	transverse	3
post2018	1102	biophotonics	3
post2018	1103	ed	3
post2018	1104	loguercio	3
post2018	1105	lateral	3
post2018	1106	generate	3
post2018	1107	break	3
post2018	1108	minimum	3
post2018	1109	geometry	3
post2018	1110	serum	3
post2018	1111	spectrometer	3
post2018	1112	deionize	3
post2018	1113	indent	3
post2018	1114	vickers	3
post2018	1115	n=10	3
post2018	1116	power	3
post2018	1117	flat	3
post2018	1118	express	3
post2018	1119	bend	3
post2018	1120	render	3
post2018	1121	precisely	3
post2018	1122	berzins	3
post2018	1123	jeol	3
post2018	1124	jsm	3
post2018	1125	take	3
post2018	1126	manner	3
post2018	1127	bulk	3
post2018	1128	approach	3
post2018	1129	lg	3
post2018	1130	notch	3
post2018	1131	plat	3
post2018	1132	μl	3
post2018	1133	mean±sd	3
post2018	1134	dependent	3
post2018	1135	stir	3
post2018	1136	mol	3
post2018	1137	vpt	3
post2018	1138	reparative	3
post2018	1139	chisel	3
post2018	1140	af	3
post2018	1141	sc	3
post2018	1142	gw	3
post2018	1143	nakamura	3
post2018	1144	promising	3
post2018	1145	peng	3
post2018	1146	rev	3
post2018	1147	metallic	3
post2018	1148	piva	3
post2018	1149	spectra	3
post2018	1150	recurrent	3
post2018	1151	achieve	3
post2018	1152	drop	3
post2018	1153	mine	3
post2018	1154	poitevin	3
post2018	1155	peumans	3
post2018	1156	even	3
post2018	1157	e.	3
post2018	1158	smith	3
post2018	1159	mo	3
post2018	1160	dentinogenesis	3
post2018	1161	trend	3
post2018	1162	pronounce	3
post2018	1163	geraldeli	3
post2018	1164	fe	3
post2018	1165	santos	3
post2018	1166	fillet	3
post2018	1167	spectroscopy	3
post2018	1168	tukey	3
post2018	1169	visible	3
post2018	1170	roberts	3
post2018	1171	hybrid	3
post2018	1172	tsurumi	3
post2018	1173	international	3
post2018	1174	dw	3
post2018	1175	tool	3
post2018	1176	together	3
post2018	1177	plot	3
post2018	1178	consistent	3
post2018	1179	bock	3
post2018	1180	salz	3
post2018	1181	vulnerable	3
post2018	1182	attenuate	3
post2018	1183	double	3
post2018	1184	mh	3
post2018	1185	hydrolysis	3
post2018	1186	zhai	3
post2018	1187	serve	3
post2018	1188	nanometric	3
post2018	1189	spherical	3
post2018	1190	branco	3
post2018	1191	contrary	3
post2018	1192	−5	3
post2018	1193	except	3
post2018	1194	−20	3
post2018	1195	rigidly	3
post2018	1196	exaggeration	3
post2018	1197	variation	3
post2018	1198	vary	3
post2018	1199	canal	3
post2018	1200	jj	3
post2018	1201	carbon	3
post2018	1202	∆khn%	3
post2018	1203	im	3
post2018	1204	exhibit	3
post2018	1205	infrared	3
post2018	1206	sk	3
post2018	1207	gomes	2
post2018	1208	belli	2
post2018	1209	behav	2
post2018	1210	mech	2
post2018	1211	moraes	2
post2018	1212	ivanoff	2
post2018	1213	sofia	2
post2018	1214	faculty	2
post2018	1215	quadrilateral	2
post2018	1216	union	2
post2018	1217	hm	2
post2018	1218	availability	2
post2018	1219	agglomeration	2
post2018	1220	link	2
post2018	1221	column	2
post2018	1222	ingrowth	2
post2018	1223	reactive	2
post2018	1224	kato	2
post2018	1225	heavy	2
post2018	1226	baltec	2
post2018	1227	sdc	2
post2018	1228	stub	2
post2018	1229	silica	2
post2018	1230	bruker	2
post2018	1231	study28	2
post2018	1232	cilas	2
post2018	1233	deposition	2
post2018	1234	enable	2
post2018	1235	distinction	2
post2018	1236	clinician	2
post2018	1237	reliable	2
post2018	1238	modification	2
post2018	1239	trifluoride	2
post2018	1240	ytterbium	2
post2018	1241	federal	2
post2018	1242	±16–20	2
post2018	1243	±12–16	2
post2018	1244	micrometer	2
post2018	1245	median	2
post2018	1246	morphology	2
post2018	1247	alloy	2
post2018	1248	apatite	2
post2018	1249	aubin	2
post2018	1250	rat	2
post2018	1251	castelo	2
post2018	1252	vicente	2
post2018	1253	klein	2
post2018	1254	photoinitiator	2
post2018	1255	sul	2
post2018	1256	rio	2
post2018	1257	tl	2
post2018	1258	ej	2
post2018	1259	prosthet	2
post2018	1260	helpful	2
post2018	1261	disord	2
post2018	1262	nano	2
post2018	1263	burrow	2
post2018	1264	sonoda	2
post2018	1265	masticatory	2
post2018	1266	notwithstanding	2
post2018	1267	shamrani	2
post2018	1268	middle	2
post2018	1269	exert	2
post2018	1270	pressure	2
post2018	1271	yoshikawa	2
post2018	1272	dycal	2
post2018	1273	stojanovska	2
post2018	1274	impossible	2
post2018	1275	impact	2
post2018	1276	help	2
post2018	1277	otherwise	2
post2018	1278	field	2
post2018	1279	insight	2
post2018	1280	realistic	2
post2018	1281	consequently	2
post2018	1282	nguyen	2
post2018	1283	happen	2
post2018	1284	lh	2
post2018	1285	increasingly	2
post2018	1286	sobrinho	2
post2018	1287	consani	2
post2018	1288	conflict	2
post2018	1289	el	2
post2018	1290	craig	2
post2018	1291	rl	2
post2018	1292	march	2
post2018	1293	du	2
post2018	1294	mechanic	2
post2018	1295	kt	2
post2018	1296	tsai	2
post2018	1297	difficult	2
post2018	1298	standardized	2
post2018	1299	cohesion	2
post2018	1300	flury	2
post2018	1301	magnitude	2
post2018	1302	distortion	2
post2018	1303	accomplish	2
post2018	1304	suspend	2
post2018	1305	v	2
post2018	1306	sinhoreti	2
post2018	1307	compomer	2
post2018	1308	bt	2
post2018	1309	schneider	2
post2018	1310	cite	2
post2018	1311	internet	2
post2018	1312	mono	2
post2018	1313	sr	2
post2018	1314	lm	2
post2018	1315	id	2
post2018	1316	sj	2
post2018	1317	deciduous	2
post2018	1318	r.	2
post2018	1319	ilie	2
post2018	1320	powers	2
post2018	1321	determined	2
post2018	1322	straight	2
post2018	1323	notched	2
post2018	1324	mixed	2
post2018	1325	diametral	2
post2018	1326	focus	2
post2018	1327	access	2
post2018	1328	and/or	2
post2018	1329	final	2
post2018	1330	rise	2
post2018	1331	complex	2
post2018	1332	compression	2
post2018	1333	relation	2
post2018	1334	reconfigure	2
post2018	1335	principle	2
post2018	1336	bracket	2
post2018	1337	paris	2
post2018	1338	pertinent	2
post2018	1339	iitm	2
post2018	1340	selectively	2
post2018	1341	undertake	2
post2018	1342	maximal	2
post2018	1343	inflection	2
post2018	1344	mechanically	2
post2018	1345	wk	2
post2018	1346	koh	2
post2018	1347	routine	2
post2018	1348	moisture	2
post2018	1349	deal	2
post2018	1350	elisabeth	2
post2018	1351	la	2
post2018	1352	rue	2
post2018	1353	australia	2
post2018	1354	victoria	2
post2018	1355	immerse	2
post2018	1356	background	2
post2018	1357	keep	2
post2018	1358	global	2
post2018	1359	molecule	2
post2018	1360	open	2
post2018	1361	move	2
post2018	1362	leave	2
post2018	1363	voltage	2
post2018	1364	led	2
post2018	1365	strip	2
post2018	1366	uk	2
post2018	1367	cm2	2
post2018	1368	mw	2
post2018	1369	n=100	2
post2018	1370	n=110	2
post2018	1371	wheel	2
post2018	1372	irrigate	2
post2018	1373	mylar	2
post2018	1374	3–5	2
post2018	1375	gap	2
post2018	1376	often	2
post2018	1377	alumino	2
post2018	1378	capsule	2
post2018	1379	read	2
post2018	1380	coater	2
post2018	1381	product	2
post2018	1382	sic	2
post2018	1383	span	2
post2018	1384	abrasive	2
post2018	1385	reflectance	2
post2018	1386	vitremer	2
post2018	1387	optimal	2
post2018	1388	darvell	2
post2018	1389	yelamanchili	2
post2018	1390	grouping	2
post2018	1391	separation	2
post2018	1392	slow	2
post2018	1393	classify	2
post2018	1394	alto	2
post2018	1395	werner	2
post2018	1396	jw	2
post2018	1397	fil	2
post2018	1398	kakaboura	2
post2018	1399	atr	2
post2018	1400	transform	2
post2018	1401	absent	2
post2018	1402	almost	2
post2018	1403	beam	2
post2018	1404	hinder	2
post2018	1405	impede	2
post2018	1406	gpa	2
post2018	1407	absolute	2
post2018	1408	cohesive	2
post2018	1409	division	2
post2018	1410	vacuum	2
post2018	1411	resistant	2
post2018	1412	reveal	2
post2018	1413	1a	2
post2018	1414	1b	2
post2018	1415	curing	2
post2018	1416	superscript	2
post2018	1417	biomaterials	2
post2018	1418	yokohama	2
post2018	1419	cho	2
post2018	1420	mc	2
post2018	1421	implication	2
post2018	1422	jf	2
post2018	1423	palaghias	2
post2018	1424	limit	2
post2018	1425	little	2
post2018	1426	cusp	2
post2018	1427	formula	2
post2018	1428	brazil	2
post2018	1429	paper	2
post2018	1430	carbide	2
post2018	1431	vivadent	2
post2018	1432	ivoclar	2
post2018	1433	another	2
post2018	1434	scand	2
post2018	1435	imply	2
post2018	1436	absorption	2
post2018	1437	integrity	2
post2018	1438	palo	2
post2018	1439	mentat	2
post2018	1440	msc	2
post2018	1441	recommend	2
post2018	1442	placement	2
post2018	1443	incremental	2
post2018	1444	nikaido	2
post2018	1445	approval	2
post2018	1446	highlight	2
post2018	1447	latter	2
post2018	1448	probably	2
post2018	1449	okayama	2
post2018	1450	graduate	2
post2018	1451	operative	2
post2018	1452	yasushi	2
post2018	1453	st.	2
post2018	1454	intervention	2
post2018	1455	recent	2
post2018	1456	reverse	2
post2018	1457	tactile	2
post2018	1458	maturation	2
post2018	1459	rehabil	2
post2018	1460	w.	2
post2018	1461	charlton	2
post2018	1462	reinforce	2
post2018	1463	quintessence	2
post2018	1464	kh	2
post2018	1465	simulate	2
post2018	1466	10×	2
post2018	1467	check	2
post2018	1468	tp	2
post2018	1469	sz	2
post2018	1470	gingival	2
post2018	1471	environment	2
post2018	1472	prone	2
post2018	1473	sd	2
post2018	1474	odontol	2
post2018	1475	knoop	2
post2018	1476	lynch	2
post2018	1477	h3po4	2
post2018	1478	hoc	2
post2018	1479	instron	2
post2018	1480	proportional	2
post2018	1481	approve	2
post2018	1482	consent	2
post2018	1483	informed	2
post2018	1484	criteria	2
post2018	1485	icdas	2
post2018	1486	selection	2
post2018	1487	twice	2
post2018	1488	fabricate	2
post2018	1489	tygon	2
post2018	1490	commercially	2
post2018	1491	mainly	2
post2018	1492	knowledge	2
post2018	1493	hydrated	2
post2018	1494	committee	2
post2018	1495	ethics	2
post2018	1496	ethical	2
post2018	1497	implement	2
post2018	1498	radiographic	2
post2018	1499	survival	2
post2018	1500	success	2
post2018	1501	wavelength	2
post2018	1502	aug	2
post2018	1503	mimic	2
post2018	1504	tube	2
post2018	1505	advanced	2
post2018	1506	active	2
post2018	1507	glossy	2
post2018	1508	appearance	2
post2018	1509	attack	2
post2018	1510	polarize	2
post2018	1511	mmps	2
post2018	1512	invasive	2
post2018	1513	gelatinized	2
post2018	1514	-c	2
post2018	1515	collapse	2
post2018	1516	respect	2
post2018	1517	kind	2
post2018	1518	grey	2
post2018	1519	ldclsm	2
post2018	1520	ldclsmbaseline	2
post2018	1521	wax	2
post2018	1522	wide	2
post2018	1523	servo	2
post2018	1524	overcome	2
post2018	1525	whole	2
post2018	1526	joggle	2
post2018	1527	lab	2
post2018	1528	inside	2
post2018	1529	every	2
post2018	1530	marked	2
post2018	1531	mark	2
post2018	1532	piece	2
post2018	1533	raw	2
post2018	1534	obr	2
post2018	1535	cariogenic	2
post2018	1536	central	2
post2018	1537	schematic	2
post2018	1538	soft	2
post2018	1539	probe	2
post2018	1540	gentle	2
post2018	1541	versus	2
post2018	1542	kyoto	2
post2018	1543	custom	2
post2018	1544	buehler	2
post2018	1545	residual	2
post2018	1546	denaturation	2
post2018	1547	like	2
post2018	1548	undergo	2
post2018	1549	fibrillar	2
post2018	1550	destructive	2
post2018	1551	reject	2
post2018	1552	reflectivity	2
post2018	1553	centerline	2
post2018	1554	configure	2
post2018	1555	slide	2
post2018	1556	adjustable	2
post2018	1557	oppose	2
post2018	1558	highly	2
post2018	1559	lack	2
post2018	1560	constituent	2
post2018	1561	chicago	2
post2018	1562	pearson	2
post2018	1563	c1	2
post2018	1564	reflection	2
post2018	1565	complete	2
post2018	1566	monitor	2
post2018	1567	exist	2
post2018	1568	pair	2
post2018	1569	draw	2
post2018	1570	filter	2
post2018	1571	saw	2
post2018	1572	cysteine	2
post2018	1573	project	2
post2018	1574	collagenous	2
post2018	1575	acknowledgment	2
post2018	1576	epoxy	2
post2018	1577	soc	2
post2018	1578	repair	2
post2018	1579	carrilho	2
post2018	1580	mazzoni	2
post2018	1581	preservation	2
post2018	1582	miyazaki	2
post2018	1583	sh	2
post2018	1584	stimulus	2
post2018	1585	screw	2
post2018	1586	in2	2
post2018	1587	head	2
post2018	1588	gregory	2
post2018	1589	mr	2
post2018	1590	ag	2
post2018	1591	progress	2
post2018	1592	manesh	2
post2018	1593	da	2
post2018	1594	transition	2
post2018	1595	periodontal	2
post2018	1596	nakajima	2
post2018	1597	suppl	2
post2018	1598	cg	2
post2018	1599	wg	2
post2018	1600	ea	2
post2018	1601	longevity	2
post2018	1602	resistance	2
post2018	1603	lf	2
post2018	1604	silva	2
post2018	1605	coating	2
post2018	1606	maltz	2
post2018	1607	oliveira	2
post2018	1608	murray	2
post2018	1609	lose	2
post2018	1610	practical	2
post2018	1611	nabertherm	2
post2018	1612	furnace	2
post2018	1613	calcine	2
post2018	1614	subsequently	2
post2018	1615	kinase	2
post2018	1616	nitric	2
post2018	1617	opening	2
post2018	1618	upon	2
post2018	1619	tests2	2
post2018	1620	stainless	2
post2018	1621	coverslip	2
post2018	1622	variance	2
post2018	1623	atomic	2
post2018	1624	regeneration	2
post2018	1625	superfine	2
post2018	1626	weight	2
post2018	1627	mesh	2
post2018	1628	enhancement	2
post2018	1629	advantageous	2
post2018	1630	c3s.	2
post2018	1631	desirable	2
post2018	1632	lock	2
post2018	1633	tunnel	2
post2018	1634	vitality	2
post2018	1635	zhiguang	2
post2018	1636	chen	2
post2018	1637	bosch	2
post2018	1638	yaqin	2
post2018	1639	academy	2
post2018	1640	chinese	2
post2018	1641	briefly	2
post2018	1642	sigma	2
post2018	1643	sequence	2
post2018	1644	cellular	2
post2018	1645	progenitor	2
post2018	1646	accuracy	2
post2018	1647	biotechnology	2
post2018	1648	bca	2
post2018	1649	rotation	2
post2018	1650	thereby	2
post2018	1651	standardize	2
post2018	1652	prolong	2
post2018	1653	fetal	2
post2018	1654	c3s/	2
post2018	1655	fungizone	2
post2018	1656	supplement	2
post2018	1657	co2	2
post2018	1658	atmosphere	2
post2018	1659	pbs	2
post2018	1660	sterile	2
post2018	1661	appropriate	2
post2018	1662	cultivate	2
post2018	1663	tension7,12	2
post2018	1664	actual	2
post2018	1665	louis	2
post2018	1666	organization	2
post2018	1667	isolation	2
post2018	1668	ca(no3)2•4h2o	2
post2018	1669	teos	2
post2018	1670	sterilize	2
post2018	1671	supernatant	2
post2018	1672	centrifuge	2
post2018	1673	jung	2
post2018	1674	cc	2
post2018	1675	ar	2
post2018	1676	biomineralization	2
post2018	1677	climax	2
post2018	1678	production	2
post2018	1679	commonly	2
post2018	1680	hence	2
post2018	1681	1:2000	2
post2018	1682	2×105	2
post2018	1683	related	2
post2018	1684	though	2
post2018	1685	easily	2
post2018	1686	murakami	2
post2018	1687	gj	2
post2018	1688	novel	2
post2018	1689	housekeeping	2
post2018	1690	rna	2
post2018	1691	osteocalcin	2
post2018	1692	sialophosphoprotein	2
post2018	1693	pdf#49	2
post2018	1694	nonspecific	2
post2018	1695	h2o	2
post2018	1696	wash	2
post2018	1697	repeat	2
post2018	1698	normalize	2
post2018	1699	od	2
post2018	1700	collect	2
post2018	1701	accordance	2
post2018	1702	cruz	2
post2018	1703	santa	2
post2018	1704	antibody	2
post2018	1705	viscosity	2
post2018	1706	wetting	2
post2018	1707	barium	2
post2018	1708	papilla	2
post2018	1709	ff	2
post2018	1710	orthod	2
post2018	1711	ab	2
post2018	1712	hwang	2
post2018	1713	crit	2
post2018	1714	investig	2
post2018	1715	pe	2
post2018	1716	xf	2
post2018	1717	sun	2
post2018	1718	stromal	2
post2018	1719	scaffold	2
post2018	1720	dentin1	2
post2018	1721	n=3	2
post2018	1722	camilleri	2
post2018	1723	gou	2
post2018	1724	can	2
post2018	1725	cf	2
post2018	1726	sol	2
post2018	1727	ceram	2
post2018	1728	z.	2
post2018	1729	pre	2
post2018	1730	play	2
post2018	1731	elevate	2
post2018	1732	regard	2
post2018	1733	phenotype	2
post2018	1734	important	2
post2018	1735	sangwan	2
post2018	1736	ultimate	2
post2018	1737	college	2
post2018	1738	tn	2
post2018	1739	memphis	2
post2018	1740	vcb	2
post2018	1741	reinforcement	2
post2018	1742	petzhold	2
post2018	1743	lohbauer	2
post2018	1744	kokubo	2
post2018	1745	hourglass	2
post2018	1746	polyester	2
post2018	1747	δkhn%	2
post2018	1748	percentage	2
post2018	1749	aliphatic	2
post2018	1750	gs	2
post2018	1751	chris	2
post2018	1752	tennessee	2
post2018	1753	ethyl	2
post2018	1754	optics	2
post2018	1755	cal	2
post2018	1756	diode	2
post2018	1757	emit	2
post2018	1758	acetone	2
post2018	1759	directly	2
post2018	1760	knh1	2
post2018	1761	geometric	2
post2018	1762	perpendicular	2
post2018	1763	γ	2
post2018	1764	silane	2
post2018	1765	silanisation	2
post2018	1766	st	2
post2018	1767	aldrich	2
post2018	1768	fiber	2
post2018	1769	reference	2
post2018	1770	takahashi	2
post2018	1771	meira	2
post2018	1772	outcome	2
post2018	1773	relationship	2
post2018	1774	raposo	2
post2018	1775	maia	2
post2018	1776	armstrong	2
post2018	1777	entirely	2
post2018	1778	attribute	2
post2018	1779	advantage	2
post2018	1780	shrink	2
post2018	1781	lower	2
post2018	1782	calculation	2
post2018	1783	life	2
post2018	1784	common	2
post2018	1785	tang	2
post2018	1786	yr	2
post2018	1787	sp	2
post2018	1788	mt	2
post2018	1789	conserv	2
post2018	1790	noort	2
post2018	1791	ende	2
post2018	1792	compete	2
post2018	1793	dixon	2
post2018	1794	wellinghoff	2
post2018	1795	hr	2
post2018	1796	rawls	2
post2018	1797	systematic	2
post2018	1798	contemporary	2
post2018	1799	smw	2
post2018	1800	microshear	2
